id,userid,nome,tags,created_at,updated_at,tipo
0442a4c8-963f-489f-8402-35f13b9c4aa9,ab8d364a-e1be-4759-8dd8-0f7301afc405,Recompensas,,2025-11-25 04:10:02.082271+00,2025-11-25 04:10:02.082271+00,receita
08f3cb8c-5232-4e40-b1db-13cc4a08b4a4,ab8d364a-e1be-4759-8dd8-0f7301afc405,Farmácia,,2025-11-25 04:09:59.308656+00,2025-11-25 04:09:59.308656+00,despesa
0b0f2cb1-a809-4789-b700-ad9e616f925e,ab8d364a-e1be-4759-8dd8-0f7301afc405,Lazer,,2025-12-28 04:58:29.501219+00,2025-12-28 04:58:29.501219+00,despesa
0d2c6221-a263-4c6d-a722-6ea2c957bffc,ab8d364a-e1be-4759-8dd8-0f7301afc405,Energia,,2025-11-25 04:10:04.168017+00,2025-11-25 04:10:04.168017+00,
11a49676-2a58-46b9-838b-75734f1717a0,ab8d364a-e1be-4759-8dd8-0f7301afc405,pizza,,2025-11-16 01:09:22.037524+00,2025-11-16 01:09:22.037524+00,
181d3abd-9132-468f-b888-1640a4be85b6,ab8d364a-e1be-4759-8dd8-0f7301afc405,Cabeleireiro,,2025-11-14 20:30:54.713125+00,2025-11-14 20:30:54.713125+00,
18cbbf25-6142-4bcf-937d-5927c853ac9a,ab8d364a-e1be-4759-8dd8-0f7301afc405,Saúde,,2025-11-13 03:17:54.145113+00,2025-11-13 03:17:54.145113+00,despesa
1dc7f06c-288f-4447-8cb6-c1bb991235a6,ab8d364a-e1be-4759-8dd8-0f7301afc405,Outros,,2025-11-09 22:16:28.679932+00,2025-11-09 22:16:28.679932+00,despesa
3fe091aa-75ad-43c0-8a19-9032c5b44872,ab8d364a-e1be-4759-8dd8-0f7301afc405,Pet Shop,,2025-11-10 01:03:02.267744+00,2025-11-10 01:03:02.267744+00,
4cc58fa3-3861-46cf-9cf0-d402f65ceadb,ab8d364a-e1be-4759-8dd8-0f7301afc405,Resgate de Investimentos,,2025-11-11 02:23:20.623761+00,2025-11-11 02:23:20.623761+00,
4de35acd-d1dd-4bb3-8aa4-f9330c403c4f,ab8d364a-e1be-4759-8dd8-0f7301afc405,sorvete,,2025-12-10 21:02:09.975089+00,2025-12-10 21:02:09.975089+00,
4e362739-e52c-4861-af97-c8ab908b3871,ab8d364a-e1be-4759-8dd8-0f7301afc405,Mercado,,2025-11-25 04:10:00.418526+00,2025-11-25 04:10:00.418526+00,despesa
56d8ef90-f423-4971-8c88-089befe0cd12,ab8d364a-e1be-4759-8dd8-0f7301afc405,Calçados,,2025-11-10 17:34:52.147845+00,2025-11-10 17:34:52.147845+00,
591cce5b-dd4d-4124-934e-4dcadd17e66d,ab8d364a-e1be-4759-8dd8-0f7301afc405,Assinaturas,,2025-11-25 04:09:57.803233+00,2025-11-25 04:09:57.803233+00,despesa
5d2b220a-c76c-4a40-b27c-8603b0ef20dc,ab8d364a-e1be-4759-8dd8-0f7301afc405,Benefícios,,2025-11-25 04:09:58.219774+00,2025-11-25 04:09:58.219774+00,receita
5db76a92-a270-4705-8ed6-d5bc99469a6b,ab8d364a-e1be-4759-8dd8-0f7301afc405,Alimentação,,2025-11-09 20:46:09.608839+00,2025-11-09 20:46:09.608839+00,despesa
62b5839d-37ef-4c03-8762-64b67a6f92d1,ab8d364a-e1be-4759-8dd8-0f7301afc405,Necessidades,,2025-11-25 04:09:57.846514+00,2025-11-25 04:09:57.846514+00,despesa
698ff360-1782-4fd8-968d-2a303f52d4cc,ab8d364a-e1be-4759-8dd8-0f7301afc405,Bônus,,2025-12-17 00:40:58.655549+00,2025-12-17 00:40:58.655549+00,
731e5ac5-e383-47e3-a2d8-88549cdfedac,ab8d364a-e1be-4759-8dd8-0f7301afc405,Carro,,2025-11-25 04:09:57.506084+00,2025-11-25 04:09:57.506084+00,despesa
7ac8a26b-25dc-4d10-81ef-7381e70f3615,ab8d364a-e1be-4759-8dd8-0f7301afc405,Almoço,,2025-11-11 15:58:47.409753+00,2025-11-11 15:58:47.409753+00,
8d498f29-a477-46b9-9f33-b11ebf640b0a,ab8d364a-e1be-4759-8dd8-0f7301afc405,Salário,,2025-11-09 12:49:33.639032+00,2025-11-09 22:01:50.392+00,receita
8d82f520-ed13-4270-a0db-569e3bcb3d16,ab8d364a-e1be-4759-8dd8-0f7301afc405,Viagem,"Airbnb, Viagem",2025-11-09 13:07:50.505825+00,2025-11-09 22:02:31.004+00,
925acfd0-a8f8-49f2-b965-74a2995dd673,ab8d364a-e1be-4759-8dd8-0f7301afc405,Fatura do Cartão,,2025-11-25 04:09:57.971675+00,2025-11-25 04:09:57.971675+00,despesa
97d6c354-a30d-4904-b648-419a8d50459b,ab8d364a-e1be-4759-8dd8-0f7301afc405,Juros Investimentos,,2025-11-25 04:09:57.928355+00,2025-12-29 18:18:23.476+00,receita
9d19299f-0d7a-4def-8558-0c29f6b82c34,ab8d364a-e1be-4759-8dd8-0f7301afc405,restaurante,,2025-11-22 23:16:27.691887+00,2025-11-22 23:16:27.691887+00,
a322d63f-1e05-4ecf-a91b-bc4407190c8a,ab8d364a-e1be-4759-8dd8-0f7301afc405,Educação,,2025-11-25 04:09:58.034573+00,2025-11-25 04:09:58.034573+00,despesa
a6a8b367-761a-4e44-a24c-f68f2f0a7c6c,ab8d364a-e1be-4759-8dd8-0f7301afc405,churrasco,,2025-11-15 03:00:39.922794+00,2025-11-15 03:00:39.922794+00,
a6f42467-88f0-4e70-8295-da7c43e77378,ab8d364a-e1be-4759-8dd8-0f7301afc405,Restaurante,,2025-11-22 22:41:07.320301+00,2025-11-22 22:41:07.320301+00,
a6f76f77-dd69-4199-9d99-aa01b2d8b4dd,ab8d364a-e1be-4759-8dd8-0f7301afc405,Resgate Investimentos,,2025-11-25 04:09:57.419585+00,2025-11-25 04:09:57.419585+00,despesa
a960566a-1436-42aa-8932-6ca576710bb5,ab8d364a-e1be-4759-8dd8-0f7301afc405,Aplicação Investimento,,2025-11-25 04:09:58.171842+00,2025-11-25 04:09:58.171842+00,despesa
aec09805-bc0c-491b-9dd8-48d92d67f99d,ab8d364a-e1be-4759-8dd8-0f7301afc405,Renda Extra,,2025-11-25 04:10:04.808084+00,2025-11-25 04:10:04.808084+00,despesa
b2432a60-172c-441c-a73c-c62d40f1028e,ab8d364a-e1be-4759-8dd8-0f7301afc405,Presentes,,2025-12-28 04:58:29.557059+00,2025-12-28 04:58:29.557059+00,despesa
b5e2cc1e-a112-4b03-920e-ca18ec3eff47,ab8d364a-e1be-4759-8dd8-0f7301afc405,Cor Amortização RF,,2025-11-19 01:06:58.600714+00,2025-11-19 01:06:58.600714+00,
be32f850-f1b7-48d7-ba18-2569e036ec25,ab8d364a-e1be-4759-8dd8-0f7301afc405,compras,,2025-11-20 20:58:04.831336+00,2025-11-20 20:58:04.831336+00,
c0633ed1-c258-495a-b408-30bec09947e3,ab8d364a-e1be-4759-8dd8-0f7301afc405,Reembolso,,2025-11-16 18:01:17.370723+00,2025-11-16 18:01:17.370723+00,
c33777f9-c615-4a82-b029-748ec8e8d60e,ab8d364a-e1be-4759-8dd8-0f7301afc405,ração,,2025-11-14 21:51:01.917985+00,2025-11-14 21:51:01.917985+00,
cd85df02-279b-4c99-ad4c-ebff37e76111,ab8d364a-e1be-4759-8dd8-0f7301afc405,pedágio,,2025-11-15 03:01:08.699142+00,2025-11-15 03:01:08.699142+00,
de963c85-7d23-4cf1-873a-6219fc62b290,ab8d364a-e1be-4759-8dd8-0f7301afc405,Transporte,,2025-11-10 17:48:43.807702+00,2025-11-10 17:48:43.807702+00,
e47eb18a-a8ba-48c0-a91b-a8a69607b6f5,ab8d364a-e1be-4759-8dd8-0f7301afc405,Compras,,2025-11-25 04:36:25.995365+00,2025-11-25 04:36:25.995365+00,
ea5e17fc-1cb4-494b-bc67-37858b318cbe,ab8d364a-e1be-4759-8dd8-0f7301afc405,Vale Refeição,,2025-11-22 23:33:59.528972+00,2025-11-22 23:33:59.528972+00,
eb0dd842-95c3-4daf-a737-8a67b9348a54,ab8d364a-e1be-4759-8dd8-0f7301afc405,estacionamento,,2025-11-11 21:23:02.768398+00,2025-11-11 21:23:02.768398+00,
f085b41a-4f63-45ce-ade8-110f1ee1a04f,ab8d364a-e1be-4759-8dd8-0f7301afc405,Transferência,,2025-11-25 04:09:58.421156+00,2025-11-25 04:09:58.421156+00,receita
f8d483c3-f001-4e7b-8190-8712efad946f,ab8d364a-e1be-4759-8dd8-0f7301afc405,Salão,,2025-11-25 04:09:57.732954+00,2025-11-25 04:09:57.732954+00,despesa