id,created_at,quando,estabelecimento,valor,detalhes,tipo,userid,category_id,account_id,status,metodo,fatura_id
3201,2025-12-28 04:58:39.840525+00,06/01/2025,RESGATE CDB,600.3,,receita,ab8d364a-e1be-4759-8dd8-0f7301afc405,a6f76f77-dd69-4199-9d99-aa01b2d8b4dd,1dd3e6b0-9ae3-4d5b-a56e-da4a7b6c6f08,,,
3202,2025-12-28 04:58:39.840525+00,06/01/2025,INT IPVA-SPDGY6G95PARC01,-797.26,,despesa,ab8d364a-e1be-4759-8dd8-0f7301afc405,731e5ac5-e383-47e3-a2d8-88549cdfedac,1dd3e6b0-9ae3-4d5b-a56e-da4a7b6c6f08,,,
3203,2025-12-28 04:58:39.840525+00,07/01/2025,RESGATE CDB,450.13,,receita,ab8d364a-e1be-4759-8dd8-0f7301afc405,a6f76f77-dd69-4199-9d99-aa01b2d8b4dd,1dd3e6b0-9ae3-4d5b-a56e-da4a7b6c6f08,,,
3204,2025-12-28 04:58:39.840525+00,07/01/2025,PIX TRANSF  TANIA Y07/01,-450,,despesa,ab8d364a-e1be-4759-8dd8-0f7301afc405,18cbbf25-6142-4bcf-937d-5927c853ac9a,1dd3e6b0-9ae3-4d5b-a56e-da4a7b6c6f08,,,
3205,2025-12-28 04:58:39.840525+00,08/01/2025,RESGATE CDB,455.34,,receita,ab8d364a-e1be-4759-8dd8-0f7301afc405,a6f76f77-dd69-4199-9d99-aa01b2d8b4dd,1dd3e6b0-9ae3-4d5b-a56e-da4a7b6c6f08,,,
3206,2025-12-28 04:58:39.840525+00,08/01/2025,PIX QRS NETSHOES08/01,-455.99,,despesa,ab8d364a-e1be-4759-8dd8-0f7301afc405,e47eb18a-a8ba-48c0-a91b-a8a69607b6f5,1dd3e6b0-9ae3-4d5b-a56e-da4a7b6c6f08,,,
3207,2025-12-28 04:58:39.840525+00,08/01/2025,RESGATE CDB,100.97,,receita,ab8d364a-e1be-4759-8dd8-0f7301afc405,a6f76f77-dd69-4199-9d99-aa01b2d8b4dd,1dd3e6b0-9ae3-4d5b-a56e-da4a7b6c6f08,,,
3208,2025-12-28 04:58:39.840525+00,08/01/2025,PIX TRANSF  SERGIO 08/01,-35,,despesa,ab8d364a-e1be-4759-8dd8-0f7301afc405,f8d483c3-f001-4e7b-8190-8712efad946f,1dd3e6b0-9ae3-4d5b-a56e-da4a7b6c6f08,,,
3209,2025-12-28 04:58:39.840525+00,09/01/2025,RESGATE CDB,5000.38,,receita,ab8d364a-e1be-4759-8dd8-0f7301afc405,a6f76f77-dd69-4199-9d99-aa01b2d8b4dd,1dd3e6b0-9ae3-4d5b-a56e-da4a7b6c6f08,,,
3210,2025-12-28 04:58:39.840525+00,09/01/2025,PIX TRANSF  ANDRESS09/01,-5000,,despesa,ab8d364a-e1be-4759-8dd8-0f7301afc405,e47eb18a-a8ba-48c0-a91b-a8a69607b6f5,1dd3e6b0-9ae3-4d5b-a56e-da4a7b6c6f08,,,
3211,2025-12-28 04:58:39.840525+00,10/01/2025,SEGURO CARTAO,-25,,despesa,ab8d364a-e1be-4759-8dd8-0f7301afc405,591cce5b-dd4d-4124-934e-4dcadd17e66d,1dd3e6b0-9ae3-4d5b-a56e-da4a7b6c6f08,,,
3212,2025-12-28 04:58:39.840525+00,13/01/2025,SAQUE BANCO24H618718143,-40,,despesa,ab8d364a-e1be-4759-8dd8-0f7301afc405,62b5839d-37ef-4c03-8762-64b67a6f92d1,1dd3e6b0-9ae3-4d5b-a56e-da4a7b6c6f08,,,
3213,2025-12-28 04:58:39.840525+00,15/01/2025,COR AMORTIZACAO - RF,2.6,,receita,ab8d364a-e1be-4759-8dd8-0f7301afc405,a6f76f77-dd69-4199-9d99-aa01b2d8b4dd,1dd3e6b0-9ae3-4d5b-a56e-da4a7b6c6f08,,,
3214,2025-12-28 04:58:39.840525+00,15/01/2025,COR AMORTIZACAO - RF,278.61,,receita,ab8d364a-e1be-4759-8dd8-0f7301afc405,a6f76f77-dd69-4199-9d99-aa01b2d8b4dd,1dd3e6b0-9ae3-4d5b-a56e-da4a7b6c6f08,,,
3215,2025-12-28 04:58:39.840525+00,15/01/2025,COR JUROS RF,152.33,,receita,ab8d364a-e1be-4759-8dd8-0f7301afc405,97d6c354-a30d-4904-b648-419a8d50459b,1dd3e6b0-9ae3-4d5b-a56e-da4a7b6c6f08,,,
3216,2025-12-28 04:58:39.840525+00,20/01/2025,PIX TRANSF  RAPHAEL18/01,-53,,despesa,ab8d364a-e1be-4759-8dd8-0f7301afc405,0b0f2cb1-a809-4789-b700-ad9e616f925e,1dd3e6b0-9ae3-4d5b-a56e-da4a7b6c6f08,,,
3217,2025-12-28 04:58:39.840525+00,20/01/2025,PIX TRANSF  MARIANA20/01,-14,,despesa,ab8d364a-e1be-4759-8dd8-0f7301afc405,b2432a60-172c-441c-a73c-c62d40f1028e,1dd3e6b0-9ae3-4d5b-a56e-da4a7b6c6f08,,,
3218,2025-12-28 04:58:39.840525+00,21/01/2025,PIX TRANSF  JANAINA21/01,-150,,despesa,ab8d364a-e1be-4759-8dd8-0f7301afc405,1dc7f06c-288f-4447-8cb6-c1bb991235a6,1dd3e6b0-9ae3-4d5b-a56e-da4a7b6c6f08,,,
3219,2025-12-28 04:58:39.840525+00,27/01/2025,INT ITAU BLACK,-49.67,,despesa,ab8d364a-e1be-4759-8dd8-0f7301afc405,925acfd0-a8f8-49f2-b965-74a2995dd673,1dd3e6b0-9ae3-4d5b-a56e-da4a7b6c6f08,,,
3220,2025-12-28 04:58:39.840525+00,27/01/2025,INT MC BLACK,-3205.82,,despesa,ab8d364a-e1be-4759-8dd8-0f7301afc405,925acfd0-a8f8-49f2-b965-74a2995dd673,1dd3e6b0-9ae3-4d5b-a56e-da4a7b6c6f08,,,
3221,2025-12-28 04:58:39.840525+00,27/01/2025,PIX TRANSF  THAMIRE26/01,-250,,despesa,ab8d364a-e1be-4759-8dd8-0f7301afc405,a322d63f-1e05-4ecf-a91b-bc4407190c8a,1dd3e6b0-9ae3-4d5b-a56e-da4a7b6c6f08,,,
3222,2025-12-28 04:58:39.840525+00,27/01/2025,PIX QRS PORTOSEG SA26/01,-233.67,,despesa,ab8d364a-e1be-4759-8dd8-0f7301afc405,e47eb18a-a8ba-48c0-a91b-a8a69607b6f5,1dd3e6b0-9ae3-4d5b-a56e-da4a7b6c6f08,,,
3223,2025-12-28 04:58:39.840525+00,27/01/2025,PIX QRS MERCADO PAG26/01,-521.3,,despesa,ab8d364a-e1be-4759-8dd8-0f7301afc405,e47eb18a-a8ba-48c0-a91b-a8a69607b6f5,1dd3e6b0-9ae3-4d5b-a56e-da4a7b6c6f08,,,
3224,2025-12-28 04:58:39.840525+00,27/01/2025,SAQUE DIN ATM BIOME00140,-40,,despesa,ab8d364a-e1be-4759-8dd8-0f7301afc405,62b5839d-37ef-4c03-8762-64b67a6f92d1,1dd3e6b0-9ae3-4d5b-a56e-da4a7b6c6f08,,,
3225,2025-12-28 04:58:39.840525+00,27/01/2025,DI  APLICACAO CDB,-3100,,despesa,ab8d364a-e1be-4759-8dd8-0f7301afc405,a960566a-1436-42aa-8932-6ca576710bb5,1dd3e6b0-9ae3-4d5b-a56e-da4a7b6c6f08,,,
3226,2025-12-28 04:58:39.840525+00,27/01/2025,PGTO ITAU ITAU-K6763141,51.4,,receita,ab8d364a-e1be-4759-8dd8-0f7301afc405,5d2b220a-c76c-4a40-b27c-8603b0ef20dc,1dd3e6b0-9ae3-4d5b-a56e-da4a7b6c6f08,,,
3227,2025-12-28 04:58:39.840525+00,27/01/2025,PGTO ITAU ITAU-K6763106,49.94,,receita,ab8d364a-e1be-4759-8dd8-0f7301afc405,5d2b220a-c76c-4a40-b27c-8603b0ef20dc,1dd3e6b0-9ae3-4d5b-a56e-da4a7b6c6f08,,,
3228,2025-12-28 04:58:39.840525+00,27/01/2025,FOLHA PAGAMENTO MENSAL,7038.73,,receita,ab8d364a-e1be-4759-8dd8-0f7301afc405,8d498f29-a477-46b9-9f33-b11ebf640b0a,1dd3e6b0-9ae3-4d5b-a56e-da4a7b6c6f08,,,
3229,2025-12-28 04:58:39.840525+00,27/01/2025,PGTO ITAU ITAU-K6763178,49.94,,receita,ab8d364a-e1be-4759-8dd8-0f7301afc405,5d2b220a-c76c-4a40-b27c-8603b0ef20dc,1dd3e6b0-9ae3-4d5b-a56e-da4a7b6c6f08,,,
3230,2025-12-28 04:58:39.840525+00,27/01/2025,REND PAGO APLIC AUT MAIS,0.01,,receita,ab8d364a-e1be-4759-8dd8-0f7301afc405,97d6c354-a30d-4904-b648-419a8d50459b,1dd3e6b0-9ae3-4d5b-a56e-da4a7b6c6f08,,,
3231,2025-12-28 04:58:39.840525+00,28/01/2025,PIX TRANSF  SERGIO 28/01,-35,,despesa,ab8d364a-e1be-4759-8dd8-0f7301afc405,f8d483c3-f001-4e7b-8190-8712efad946f,1dd3e6b0-9ae3-4d5b-a56e-da4a7b6c6f08,,,
3232,2025-12-28 04:58:39.840525+00,29/01/2025,DI  RESGATE CDB,1700.54,,receita,ab8d364a-e1be-4759-8dd8-0f7301afc405,a6f76f77-dd69-4199-9d99-aa01b2d8b4dd,1dd3e6b0-9ae3-4d5b-a56e-da4a7b6c6f08,,,
3233,2025-12-28 04:58:39.840525+00,29/01/2025,PIX TRANSF  CLINICA29/01,-1650,,despesa,ab8d364a-e1be-4759-8dd8-0f7301afc405,18cbbf25-6142-4bcf-937d-5927c853ac9a,1dd3e6b0-9ae3-4d5b-a56e-da4a7b6c6f08,,,
3234,2025-12-28 04:58:39.840525+00,03/02/2025,PIX TRANSF LINCOLN02/02,800,,receita,ab8d364a-e1be-4759-8dd8-0f7301afc405,f085b41a-4f63-45ce-ade8-110f1ee1a04f,1dd3e6b0-9ae3-4d5b-a56e-da4a7b6c6f08,,,
3235,2025-12-28 04:58:39.840525+00,03/02/2025,INT IPVA-SPDGY6G95PARC02,-797.26,,despesa,ab8d364a-e1be-4759-8dd8-0f7301afc405,731e5ac5-e383-47e3-a2d8-88549cdfedac,1dd3e6b0-9ae3-4d5b-a56e-da4a7b6c6f08,,,
3236,2025-12-28 04:58:39.840525+00,04/02/2025,PIX TRANSF Pedro H04/02,100,,receita,ab8d364a-e1be-4759-8dd8-0f7301afc405,1dc7f06c-288f-4447-8cb6-c1bb991235a6,1dd3e6b0-9ae3-4d5b-a56e-da4a7b6c6f08,,,
3237,2025-12-28 04:58:39.840525+00,05/02/2025,PIX TRANSF LINCOLN05/02,300,,receita,ab8d364a-e1be-4759-8dd8-0f7301afc405,f085b41a-4f63-45ce-ade8-110f1ee1a04f,1dd3e6b0-9ae3-4d5b-a56e-da4a7b6c6f08,,,
3238,2025-12-28 04:58:39.840525+00,05/02/2025,PIX TRANSF TANIA Y05/02,-300,,despesa,ab8d364a-e1be-4759-8dd8-0f7301afc405,18cbbf25-6142-4bcf-937d-5927c853ac9a,1dd3e6b0-9ae3-4d5b-a56e-da4a7b6c6f08,,,
3239,2025-12-28 04:58:39.840525+00,10/02/2025,INT ITAU BLACK,-49.67,,despesa,ab8d364a-e1be-4759-8dd8-0f7301afc405,925acfd0-a8f8-49f2-b965-74a2995dd673,1dd3e6b0-9ae3-4d5b-a56e-da4a7b6c6f08,,,
3240,2025-12-28 04:58:39.840525+00,10/02/2025,PGTO ITAU ITAU-K7051695,88.56,,receita,ab8d364a-e1be-4759-8dd8-0f7301afc405,5d2b220a-c76c-4a40-b27c-8603b0ef20dc,1dd3e6b0-9ae3-4d5b-a56e-da4a7b6c6f08,,,
3241,2025-12-28 04:58:39.840525+00,10/02/2025,PGTO ITAU ITAU-K7024799,92.33,,receita,ab8d364a-e1be-4759-8dd8-0f7301afc405,5d2b220a-c76c-4a40-b27c-8603b0ef20dc,1dd3e6b0-9ae3-4d5b-a56e-da4a7b6c6f08,,,
3242,2025-12-28 04:58:39.840525+00,10/02/2025,SEGURO CARTAO,-25,,despesa,ab8d364a-e1be-4759-8dd8-0f7301afc405,591cce5b-dd4d-4124-934e-4dcadd17e66d,1dd3e6b0-9ae3-4d5b-a56e-da4a7b6c6f08,,,
3243,2025-12-28 04:58:39.840525+00,13/02/2025,PIX TRANSF BRUNA A13/02,-25,,despesa,ab8d364a-e1be-4759-8dd8-0f7301afc405,b2432a60-172c-441c-a73c-c62d40f1028e,1dd3e6b0-9ae3-4d5b-a56e-da4a7b6c6f08,,,
3244,2025-12-28 04:58:39.840525+00,13/02/2025,PIX TRANSF FABIANA13/02,-15.71,,despesa,ab8d364a-e1be-4759-8dd8-0f7301afc405,b2432a60-172c-441c-a73c-c62d40f1028e,1dd3e6b0-9ae3-4d5b-a56e-da4a7b6c6f08,,,
3245,2025-12-28 04:58:39.840525+00,13/02/2025,PIX TRANSF FABIANA13/02,-60.3,,despesa,ab8d364a-e1be-4759-8dd8-0f7301afc405,1dc7f06c-288f-4447-8cb6-c1bb991235a6,1dd3e6b0-9ae3-4d5b-a56e-da4a7b6c6f08,,,
3246,2025-12-28 04:58:39.840525+00,17/02/2025,COR JUROS RF,174.21,,receita,ab8d364a-e1be-4759-8dd8-0f7301afc405,97d6c354-a30d-4904-b648-419a8d50459b,1dd3e6b0-9ae3-4d5b-a56e-da4a7b6c6f08,,,
3247,2025-12-28 04:58:39.840525+00,17/02/2025,COR AMORTIZACAO - RF,201.72,,receita,ab8d364a-e1be-4759-8dd8-0f7301afc405,a6f76f77-dd69-4199-9d99-aa01b2d8b4dd,1dd3e6b0-9ae3-4d5b-a56e-da4a7b6c6f08,,,
3248,2025-12-28 04:58:39.840525+00,17/02/2025,COR AMORTIZACAO - RF,11.73,,receita,ab8d364a-e1be-4759-8dd8-0f7301afc405,a6f76f77-dd69-4199-9d99-aa01b2d8b4dd,1dd3e6b0-9ae3-4d5b-a56e-da4a7b6c6f08,,,
3249,2025-12-28 04:58:39.840525+00,18/02/2025,PIX TRANSF Sergio 18/02,-35,,despesa,ab8d364a-e1be-4759-8dd8-0f7301afc405,f8d483c3-f001-4e7b-8190-8712efad946f,1dd3e6b0-9ae3-4d5b-a56e-da4a7b6c6f08,,,
3250,2025-12-28 04:58:39.840525+00,19/02/2025,PIX TRANSF BRUNA A19/02,-27.62,,despesa,ab8d364a-e1be-4759-8dd8-0f7301afc405,b2432a60-172c-441c-a73c-c62d40f1028e,1dd3e6b0-9ae3-4d5b-a56e-da4a7b6c6f08,,,
3251,2025-12-28 04:58:39.840525+00,19/02/2025,PAY SHOPP 19/02 SHOPPING DO REAL,-11,,despesa,ab8d364a-e1be-4759-8dd8-0f7301afc405,e47eb18a-a8ba-48c0-a91b-a8a69607b6f5,1dd3e6b0-9ae3-4d5b-a56e-da4a7b6c6f08,,,
3252,2025-12-28 04:58:39.840525+00,20/02/2025,PIX QRS PORTOSEG SA20/02,-233.67,,despesa,ab8d364a-e1be-4759-8dd8-0f7301afc405,e47eb18a-a8ba-48c0-a91b-a8a69607b6f5,1dd3e6b0-9ae3-4d5b-a56e-da4a7b6c6f08,,,
3253,2025-12-28 04:58:39.840525+00,20/02/2025,PIX TRANSF AVENUE 20/02,-200,,despesa,ab8d364a-e1be-4759-8dd8-0f7301afc405,a960566a-1436-42aa-8932-6ca576710bb5,1dd3e6b0-9ae3-4d5b-a56e-da4a7b6c6f08,,,
3254,2025-12-28 04:58:39.840525+00,20/02/2025,REND PAGO APLIC AUT MAIS,0.01,,receita,ab8d364a-e1be-4759-8dd8-0f7301afc405,97d6c354-a30d-4904-b648-419a8d50459b,1dd3e6b0-9ae3-4d5b-a56e-da4a7b6c6f08,,,
3255,2025-12-28 04:58:39.840525+00,25/02/2025,PIX QRS PETER ZI CO25/02,-12,,despesa,ab8d364a-e1be-4759-8dd8-0f7301afc405,e47eb18a-a8ba-48c0-a91b-a8a69607b6f5,1dd3e6b0-9ae3-4d5b-a56e-da4a7b6c6f08,,,
3256,2025-12-28 04:58:39.840525+00,27/02/2025,INT MC BLACK,-3999.81,,despesa,ab8d364a-e1be-4759-8dd8-0f7301afc405,925acfd0-a8f8-49f2-b965-74a2995dd673,1dd3e6b0-9ae3-4d5b-a56e-da4a7b6c6f08,,,
3257,2025-12-28 04:58:39.840525+00,27/02/2025,PIX QRS MERCADO PAG27/02,-575.09,,despesa,ab8d364a-e1be-4759-8dd8-0f7301afc405,e47eb18a-a8ba-48c0-a91b-a8a69607b6f5,1dd3e6b0-9ae3-4d5b-a56e-da4a7b6c6f08,,,
3258,2025-12-28 04:58:39.840525+00,27/02/2025,PIX TRANSF Thamire27/02,-250,,despesa,ab8d364a-e1be-4759-8dd8-0f7301afc405,a322d63f-1e05-4ecf-a91b-bc4407190c8a,1dd3e6b0-9ae3-4d5b-a56e-da4a7b6c6f08,,,
3259,2025-12-28 04:58:39.840525+00,27/02/2025,PIX TRANSF LINCOLN27/02,3762.96,,receita,ab8d364a-e1be-4759-8dd8-0f7301afc405,f085b41a-4f63-45ce-ade8-110f1ee1a04f,1dd3e6b0-9ae3-4d5b-a56e-da4a7b6c6f08,,,
3260,2025-12-28 04:58:39.840525+00,27/02/2025,FOLHA PAGAMENTO MENSAL,7026.86,,receita,ab8d364a-e1be-4759-8dd8-0f7301afc405,8d498f29-a477-46b9-9f33-b11ebf640b0a,1dd3e6b0-9ae3-4d5b-a56e-da4a7b6c6f08,,,
3261,2025-12-28 04:58:39.840525+00,28/02/2025,APLICACAO CDB DI,-43600,,despesa,ab8d364a-e1be-4759-8dd8-0f7301afc405,a960566a-1436-42aa-8932-6ca576710bb5,1dd3e6b0-9ae3-4d5b-a56e-da4a7b6c6f08,,,
3262,2025-12-28 04:58:39.840525+00,28/02/2025,PIX TRANSF JANAINA28/02,1000,,receita,ab8d364a-e1be-4759-8dd8-0f7301afc405,1dc7f06c-288f-4447-8cb6-c1bb991235a6,1dd3e6b0-9ae3-4d5b-a56e-da4a7b6c6f08,,,
3263,2025-12-28 04:58:39.840525+00,28/02/2025,APLICACAO CDB COFRINHOS,-1000,,despesa,ab8d364a-e1be-4759-8dd8-0f7301afc405,a960566a-1436-42aa-8932-6ca576710bb5,1dd3e6b0-9ae3-4d5b-a56e-da4a7b6c6f08,,,
3264,2025-12-28 04:58:39.840525+00,28/02/2025,INT IPVA-SPDGY6G95PARC03,-797.26,,despesa,ab8d364a-e1be-4759-8dd8-0f7301afc405,731e5ac5-e383-47e3-a2d8-88549cdfedac,1dd3e6b0-9ae3-4d5b-a56e-da4a7b6c6f08,,,
3265,2025-12-28 04:58:39.840525+00,28/02/2025,FOLHA DE PARTICIPACAO,38456.11,,receita,ab8d364a-e1be-4759-8dd8-0f7301afc405,8d498f29-a477-46b9-9f33-b11ebf640b0a,1dd3e6b0-9ae3-4d5b-a56e-da4a7b6c6f08,,,
3266,2025-12-28 04:58:39.840525+00,05/03/2025,INT PRE-PAGOXXXXX  2135,-25,,despesa,ab8d364a-e1be-4759-8dd8-0f7301afc405,e47eb18a-a8ba-48c0-a91b-a8a69607b6f5,1dd3e6b0-9ae3-4d5b-a56e-da4a7b6c6f08,,,
3267,2025-12-28 04:58:39.840525+00,05/03/2025,PIX TRANSF  ANDREA 01/03,25,,receita,ab8d364a-e1be-4759-8dd8-0f7301afc405,1dc7f06c-288f-4447-8cb6-c1bb991235a6,1dd3e6b0-9ae3-4d5b-a56e-da4a7b6c6f08,,,
3268,2025-12-28 04:58:39.840525+00,06/03/2025,DI  RESGATE CDB,450.4,,receita,ab8d364a-e1be-4759-8dd8-0f7301afc405,a6f76f77-dd69-4199-9d99-aa01b2d8b4dd,1dd3e6b0-9ae3-4d5b-a56e-da4a7b6c6f08,,,
3269,2025-12-28 04:58:39.840525+00,06/03/2025,PIX TRANSF  TANIA Y06/03,-450,,despesa,ab8d364a-e1be-4759-8dd8-0f7301afc405,18cbbf25-6142-4bcf-937d-5927c853ac9a,1dd3e6b0-9ae3-4d5b-a56e-da4a7b6c6f08,,,
3270,2025-12-28 04:58:39.840525+00,06/03/2025,PIX TRANSF  SERGIO 06/03,-35,,despesa,ab8d364a-e1be-4759-8dd8-0f7301afc405,f8d483c3-f001-4e7b-8190-8712efad946f,1dd3e6b0-9ae3-4d5b-a56e-da4a7b6c6f08,,,
3271,2025-12-28 04:58:39.840525+00,07/03/2025,DI  RESGATE CDB,50.52,,receita,ab8d364a-e1be-4759-8dd8-0f7301afc405,a6f76f77-dd69-4199-9d99-aa01b2d8b4dd,1dd3e6b0-9ae3-4d5b-a56e-da4a7b6c6f08,,,
3272,2025-12-28 04:58:39.840525+00,10/03/2025,SEGURO CARTAO,-25,,despesa,ab8d364a-e1be-4759-8dd8-0f7301afc405,591cce5b-dd4d-4124-934e-4dcadd17e66d,1dd3e6b0-9ae3-4d5b-a56e-da4a7b6c6f08,,,
3273,2025-12-28 04:58:39.840525+00,11/03/2025,DI  RESGATE CDB,50.56,,receita,ab8d364a-e1be-4759-8dd8-0f7301afc405,a6f76f77-dd69-4199-9d99-aa01b2d8b4dd,1dd3e6b0-9ae3-4d5b-a56e-da4a7b6c6f08,,,
3274,2025-12-28 04:58:39.840525+00,11/03/2025,PIX TRANSF  HELIO D11/03,-55.96,,despesa,ab8d364a-e1be-4759-8dd8-0f7301afc405,0b0f2cb1-a809-4789-b700-ad9e616f925e,1dd3e6b0-9ae3-4d5b-a56e-da4a7b6c6f08,,,
3275,2025-12-28 04:58:39.840525+00,11/03/2025,SAQUE DIN ATM BIOME00092,-40,,despesa,ab8d364a-e1be-4759-8dd8-0f7301afc405,62b5839d-37ef-4c03-8762-64b67a6f92d1,1dd3e6b0-9ae3-4d5b-a56e-da4a7b6c6f08,,,
3276,2025-12-28 04:58:39.840525+00,12/03/2025,DI  RESGATE CDB,115.3,,receita,ab8d364a-e1be-4759-8dd8-0f7301afc405,a6f76f77-dd69-4199-9d99-aa01b2d8b4dd,1dd3e6b0-9ae3-4d5b-a56e-da4a7b6c6f08,,,
3277,2025-12-28 04:58:39.840525+00,12/03/2025,PIX TRANSF  FABIANA12/03,-35.72,,despesa,ab8d364a-e1be-4759-8dd8-0f7301afc405,1dc7f06c-288f-4447-8cb6-c1bb991235a6,1dd3e6b0-9ae3-4d5b-a56e-da4a7b6c6f08,,,
3278,2025-12-28 04:58:39.840525+00,12/03/2025,PIX QRS RECEITA FED12/03,-76.9,,despesa,ab8d364a-e1be-4759-8dd8-0f7301afc405,e47eb18a-a8ba-48c0-a91b-a8a69607b6f5,1dd3e6b0-9ae3-4d5b-a56e-da4a7b6c6f08,,,
3279,2025-12-28 04:58:39.840525+00,12/03/2025,DI  RESGATE CDB,1125.69,,receita,ab8d364a-e1be-4759-8dd8-0f7301afc405,a6f76f77-dd69-4199-9d99-aa01b2d8b4dd,1dd3e6b0-9ae3-4d5b-a56e-da4a7b6c6f08,,,
3280,2025-12-28 04:58:39.840525+00,12/03/2025,PIX QRS MAGAZINE LU12/03,-1124.22,,despesa,ab8d364a-e1be-4759-8dd8-0f7301afc405,e47eb18a-a8ba-48c0-a91b-a8a69607b6f5,1dd3e6b0-9ae3-4d5b-a56e-da4a7b6c6f08,,,
3281,2025-12-28 04:58:39.840525+00,14/03/2025,PGTO ITAU ITAU-K7513154,90.37,,receita,ab8d364a-e1be-4759-8dd8-0f7301afc405,5d2b220a-c76c-4a40-b27c-8603b0ef20dc,1dd3e6b0-9ae3-4d5b-a56e-da4a7b6c6f08,,,
3282,2025-12-28 04:58:39.840525+00,17/03/2025,COR JUROS RF,135.29,,receita,ab8d364a-e1be-4759-8dd8-0f7301afc405,97d6c354-a30d-4904-b648-419a8d50459b,1dd3e6b0-9ae3-4d5b-a56e-da4a7b6c6f08,,,
3283,2025-12-28 04:58:39.840525+00,17/03/2025,COR AMORTIZACAO - RF,254.56,,receita,ab8d364a-e1be-4759-8dd8-0f7301afc405,a6f76f77-dd69-4199-9d99-aa01b2d8b4dd,1dd3e6b0-9ae3-4d5b-a56e-da4a7b6c6f08,,,
3284,2025-12-28 04:58:39.840525+00,17/03/2025,PGTO ITAU ITAU-K7598545,88.18,,receita,ab8d364a-e1be-4759-8dd8-0f7301afc405,5d2b220a-c76c-4a40-b27c-8603b0ef20dc,1dd3e6b0-9ae3-4d5b-a56e-da4a7b6c6f08,,,
3285,2025-12-28 04:58:39.840525+00,18/03/2025,PIX TRANSF  AVENUE 18/03,-500,,despesa,ab8d364a-e1be-4759-8dd8-0f7301afc405,a960566a-1436-42aa-8932-6ca576710bb5,1dd3e6b0-9ae3-4d5b-a56e-da4a7b6c6f08,,,
3286,2025-12-28 04:58:39.840525+00,19/03/2025,RSCSS-FARMACONDE -19/03,-56.85,,despesa,ab8d364a-e1be-4759-8dd8-0f7301afc405,08f3cb8c-5232-4e40-b1db-13cc4a08b4a4,1dd3e6b0-9ae3-4d5b-a56e-da4a7b6c6f08,,,
3287,2025-12-28 04:58:39.840525+00,20/03/2025,PIX TRANSF  FABIANA20/03,-10.58,,despesa,ab8d364a-e1be-4759-8dd8-0f7301afc405,b2432a60-172c-441c-a73c-c62d40f1028e,1dd3e6b0-9ae3-4d5b-a56e-da4a7b6c6f08,,,
3288,2025-12-28 04:58:39.840525+00,20/03/2025,DI  RESGATE CDB,50.69,,receita,ab8d364a-e1be-4759-8dd8-0f7301afc405,a6f76f77-dd69-4199-9d99-aa01b2d8b4dd,1dd3e6b0-9ae3-4d5b-a56e-da4a7b6c6f08,,,
3289,2025-12-28 04:58:39.840525+00,20/03/2025,PIX TRANSF  MARIANA20/03,-47.47,,despesa,ab8d364a-e1be-4759-8dd8-0f7301afc405,b2432a60-172c-441c-a73c-c62d40f1028e,1dd3e6b0-9ae3-4d5b-a56e-da4a7b6c6f08,,,
3290,2025-12-28 04:58:39.840525+00,21/03/2025,DI  RESGATE CDB,119.67,,receita,ab8d364a-e1be-4759-8dd8-0f7301afc405,a6f76f77-dd69-4199-9d99-aa01b2d8b4dd,1dd3e6b0-9ae3-4d5b-a56e-da4a7b6c6f08,,,
3291,2025-12-28 04:58:39.840525+00,21/03/2025,PIX QRS SAFETOPAY I21/03,-119,,despesa,ab8d364a-e1be-4759-8dd8-0f7301afc405,e47eb18a-a8ba-48c0-a91b-a8a69607b6f5,1dd3e6b0-9ae3-4d5b-a56e-da4a7b6c6f08,,,
3292,2025-12-28 04:58:39.840525+00,24/03/2025,PIX TRANSF  JOSE EL23/03,-500,,despesa,ab8d364a-e1be-4759-8dd8-0f7301afc405,1dc7f06c-288f-4447-8cb6-c1bb991235a6,1dd3e6b0-9ae3-4d5b-a56e-da4a7b6c6f08,,,
3293,2025-12-28 04:58:39.840525+00,24/03/2025,DI  RESGATE CDB,500.17,,receita,ab8d364a-e1be-4759-8dd8-0f7301afc405,a6f76f77-dd69-4199-9d99-aa01b2d8b4dd,1dd3e6b0-9ae3-4d5b-a56e-da4a7b6c6f08,,,
3294,2025-12-28 04:58:39.840525+00,27/03/2025,PIX TRANSF  HELIO D27/03,-35,,despesa,ab8d364a-e1be-4759-8dd8-0f7301afc405,0b0f2cb1-a809-4789-b700-ad9e616f925e,1dd3e6b0-9ae3-4d5b-a56e-da4a7b6c6f08,,,
3295,2025-12-28 04:58:39.840525+00,27/03/2025,PIX TRANSF  THAMIRE27/03,-250,,despesa,ab8d364a-e1be-4759-8dd8-0f7301afc405,a322d63f-1e05-4ecf-a91b-bc4407190c8a,1dd3e6b0-9ae3-4d5b-a56e-da4a7b6c6f08,,,
3296,2025-12-28 04:58:39.840525+00,27/03/2025,INT MC BLACK,-3684.07,,despesa,ab8d364a-e1be-4759-8dd8-0f7301afc405,925acfd0-a8f8-49f2-b965-74a2995dd673,1dd3e6b0-9ae3-4d5b-a56e-da4a7b6c6f08,,,
3297,2025-12-28 04:58:39.840525+00,27/03/2025,PIX QRS PORTOSEG SA27/03,-233.67,,despesa,ab8d364a-e1be-4759-8dd8-0f7301afc405,e47eb18a-a8ba-48c0-a91b-a8a69607b6f5,1dd3e6b0-9ae3-4d5b-a56e-da4a7b6c6f08,,,
3298,2025-12-28 04:58:39.840525+00,27/03/2025,FOLHA PAGAMENTO MENSAL,7027.58,,receita,ab8d364a-e1be-4759-8dd8-0f7301afc405,8d498f29-a477-46b9-9f33-b11ebf640b0a,1dd3e6b0-9ae3-4d5b-a56e-da4a7b6c6f08,,,
3299,2025-12-28 04:58:39.840525+00,28/03/2025,PIX QRS MERCADO PAG28/03,-1021.75,,despesa,ab8d364a-e1be-4759-8dd8-0f7301afc405,e47eb18a-a8ba-48c0-a91b-a8a69607b6f5,1dd3e6b0-9ae3-4d5b-a56e-da4a7b6c6f08,,,
3300,2025-12-28 04:58:39.840525+00,28/03/2025,COF APLICACAO CDB,-900,,despesa,ab8d364a-e1be-4759-8dd8-0f7301afc405,a960566a-1436-42aa-8932-6ca576710bb5,1dd3e6b0-9ae3-4d5b-a56e-da4a7b6c6f08,,,
3301,2025-12-28 04:58:39.840525+00,28/03/2025,PIX TRANSF  JOAO VI28/03,-200,,despesa,ab8d364a-e1be-4759-8dd8-0f7301afc405,1dc7f06c-288f-4447-8cb6-c1bb991235a6,1dd3e6b0-9ae3-4d5b-a56e-da4a7b6c6f08,,,
3302,2025-12-28 04:58:39.840525+00,31/03/2025,PIX QRS RECEITA FED31/03,-76.9,,despesa,ab8d364a-e1be-4759-8dd8-0f7301afc405,e47eb18a-a8ba-48c0-a91b-a8a69607b6f5,1dd3e6b0-9ae3-4d5b-a56e-da4a7b6c6f08,,,
3303,2025-12-28 04:58:39.840525+00,31/03/2025,DI  RESGATE CDB,187.06,,receita,ab8d364a-e1be-4759-8dd8-0f7301afc405,a6f76f77-dd69-4199-9d99-aa01b2d8b4dd,1dd3e6b0-9ae3-4d5b-a56e-da4a7b6c6f08,,,
3304,2025-12-28 04:58:39.840525+00,01/04/2025,INT IPVA-SPDGY6G95PARC04,-797.26,,despesa,ab8d364a-e1be-4759-8dd8-0f7301afc405,731e5ac5-e383-47e3-a2d8-88549cdfedac,1dd3e6b0-9ae3-4d5b-a56e-da4a7b6c6f08,,,
3305,2025-12-28 04:58:39.840525+00,01/04/2025,REND PAGO APLIC AUT MAIS,0.01,,receita,ab8d364a-e1be-4759-8dd8-0f7301afc405,97d6c354-a30d-4904-b648-419a8d50459b,1dd3e6b0-9ae3-4d5b-a56e-da4a7b6c6f08,,,
3306,2025-12-28 04:58:39.840525+00,02/04/2025,PIX TRANSF  JANAINA02/04,20,,receita,ab8d364a-e1be-4759-8dd8-0f7301afc405,1dc7f06c-288f-4447-8cb6-c1bb991235a6,1dd3e6b0-9ae3-4d5b-a56e-da4a7b6c6f08,,,
3307,2025-12-28 04:58:39.840525+00,03/04/2025,DI  RESGATE CDB,300.27,,receita,ab8d364a-e1be-4759-8dd8-0f7301afc405,a6f76f77-dd69-4199-9d99-aa01b2d8b4dd,1dd3e6b0-9ae3-4d5b-a56e-da4a7b6c6f08,,,
3308,2025-12-28 04:58:39.840525+00,03/04/2025,PIX TRANSF  TANIA Y03/04,-300,,despesa,ab8d364a-e1be-4759-8dd8-0f7301afc405,18cbbf25-6142-4bcf-937d-5927c853ac9a,1dd3e6b0-9ae3-4d5b-a56e-da4a7b6c6f08,,,
3309,2025-12-28 04:58:39.840525+00,04/04/2025,PIX TRANSF  JANAINA04/04,4000,,receita,ab8d364a-e1be-4759-8dd8-0f7301afc405,1dc7f06c-288f-4447-8cb6-c1bb991235a6,1dd3e6b0-9ae3-4d5b-a56e-da4a7b6c6f08,,,
3310,2025-12-28 04:58:39.840525+00,04/04/2025,COF APLICACAO CDB,-4700,,despesa,ab8d364a-e1be-4759-8dd8-0f7301afc405,a960566a-1436-42aa-8932-6ca576710bb5,1dd3e6b0-9ae3-4d5b-a56e-da4a7b6c6f08,,,
3311,2025-12-28 04:58:39.840525+00,04/04/2025,SISPAG  FUND SAUDE ITAU,216.54,,receita,ab8d364a-e1be-4759-8dd8-0f7301afc405,5d2b220a-c76c-4a40-b27c-8603b0ef20dc,1dd3e6b0-9ae3-4d5b-a56e-da4a7b6c6f08,,,
3312,2025-12-28 04:58:39.840525+00,04/04/2025,SISPAG  FUND SAUDE ITAU,541.35,,receita,ab8d364a-e1be-4759-8dd8-0f7301afc405,5d2b220a-c76c-4a40-b27c-8603b0ef20dc,1dd3e6b0-9ae3-4d5b-a56e-da4a7b6c6f08,,,
3313,2025-12-28 04:58:39.840525+00,07/04/2025,SAQUE BANCO24H554467862,-100,,despesa,ab8d364a-e1be-4759-8dd8-0f7301afc405,62b5839d-37ef-4c03-8762-64b67a6f92d1,1dd3e6b0-9ae3-4d5b-a56e-da4a7b6c6f08,,,
3314,2025-12-28 04:58:39.840525+00,10/04/2025,DI  RESGATE CDB,22.44,,receita,ab8d364a-e1be-4759-8dd8-0f7301afc405,a6f76f77-dd69-4199-9d99-aa01b2d8b4dd,1dd3e6b0-9ae3-4d5b-a56e-da4a7b6c6f08,,,
3315,2025-12-28 04:58:39.840525+00,10/04/2025,SEGURO CARTAO,-25,,despesa,ab8d364a-e1be-4759-8dd8-0f7301afc405,591cce5b-dd4d-4124-934e-4dcadd17e66d,1dd3e6b0-9ae3-4d5b-a56e-da4a7b6c6f08,,,
3316,2025-12-28 04:58:39.840525+00,15/04/2025,COR JUROS RF,158.35,,receita,ab8d364a-e1be-4759-8dd8-0f7301afc405,97d6c354-a30d-4904-b648-419a8d50459b,1dd3e6b0-9ae3-4d5b-a56e-da4a7b6c6f08,,,
3317,2025-12-28 04:58:39.840525+00,15/04/2025,COR AMORTIZACAO - RF,232.38,,receita,ab8d364a-e1be-4759-8dd8-0f7301afc405,a6f76f77-dd69-4199-9d99-aa01b2d8b4dd,1dd3e6b0-9ae3-4d5b-a56e-da4a7b6c6f08,,,
3318,2025-12-28 04:58:39.840525+00,15/04/2025,COF APLICACAO CDB,-391,,despesa,ab8d364a-e1be-4759-8dd8-0f7301afc405,a960566a-1436-42aa-8932-6ca576710bb5,1dd3e6b0-9ae3-4d5b-a56e-da4a7b6c6f08,,,
3319,2025-12-28 04:58:39.840525+00,17/04/2025,COF APLICACAO CDB,-217,,despesa,ab8d364a-e1be-4759-8dd8-0f7301afc405,a960566a-1436-42aa-8932-6ca576710bb5,1dd3e6b0-9ae3-4d5b-a56e-da4a7b6c6f08,,,
3320,2025-12-28 04:58:39.840525+00,17/04/2025,SISPAG  FUND SAUDE ITAU,216.54,,receita,ab8d364a-e1be-4759-8dd8-0f7301afc405,5d2b220a-c76c-4a40-b27c-8603b0ef20dc,1dd3e6b0-9ae3-4d5b-a56e-da4a7b6c6f08,,,
3321,2025-12-28 04:58:39.840525+00,25/04/2025,PIX QRS PORTOSEG SA25/04,-233.67,,despesa,ab8d364a-e1be-4759-8dd8-0f7301afc405,e47eb18a-a8ba-48c0-a91b-a8a69607b6f5,1dd3e6b0-9ae3-4d5b-a56e-da4a7b6c6f08,,,
3322,2025-12-28 04:58:39.840525+00,25/04/2025,INT MC BLACK,-3495.68,,despesa,ab8d364a-e1be-4759-8dd8-0f7301afc405,925acfd0-a8f8-49f2-b965-74a2995dd673,1dd3e6b0-9ae3-4d5b-a56e-da4a7b6c6f08,,,
3323,2025-12-28 04:58:39.840525+00,25/04/2025,PIX QRS MERCADO PAG25/04,-503.43,,despesa,ab8d364a-e1be-4759-8dd8-0f7301afc405,e47eb18a-a8ba-48c0-a91b-a8a69607b6f5,1dd3e6b0-9ae3-4d5b-a56e-da4a7b6c6f08,,,
3324,2025-12-28 04:58:39.840525+00,25/04/2025,COF APLICACAO CDB,-1900,,despesa,ab8d364a-e1be-4759-8dd8-0f7301afc405,a960566a-1436-42aa-8932-6ca576710bb5,1dd3e6b0-9ae3-4d5b-a56e-da4a7b6c6f08,,,
3325,2025-12-28 04:58:39.840525+00,25/04/2025,FOLHA PAGAMENTO MENSAL,7027.22,,receita,ab8d364a-e1be-4759-8dd8-0f7301afc405,8d498f29-a477-46b9-9f33-b11ebf640b0a,1dd3e6b0-9ae3-4d5b-a56e-da4a7b6c6f08,,,
3326,2025-12-28 04:58:39.840525+00,28/04/2025,PIX TRANSF  JANAINA26/04,20,,receita,ab8d364a-e1be-4759-8dd8-0f7301afc405,1dc7f06c-288f-4447-8cb6-c1bb991235a6,1dd3e6b0-9ae3-4d5b-a56e-da4a7b6c6f08,,,
3327,2025-12-28 04:58:39.840525+00,28/04/2025,PIX TRANSF  THAMIRE26/04,-250,,despesa,ab8d364a-e1be-4759-8dd8-0f7301afc405,a322d63f-1e05-4ecf-a91b-bc4407190c8a,1dd3e6b0-9ae3-4d5b-a56e-da4a7b6c6f08,,,
3328,2025-12-28 04:58:39.840525+00,29/04/2025,PGTO ITAU ITAU-K8295887,91.82,,receita,ab8d364a-e1be-4759-8dd8-0f7301afc405,5d2b220a-c76c-4a40-b27c-8603b0ef20dc,1dd3e6b0-9ae3-4d5b-a56e-da4a7b6c6f08,,,
3329,2025-12-28 04:58:39.840525+00,30/04/2025,PIX TRANSF  FABIANA30/04,-36.07,,despesa,ab8d364a-e1be-4759-8dd8-0f7301afc405,1dc7f06c-288f-4447-8cb6-c1bb991235a6,1dd3e6b0-9ae3-4d5b-a56e-da4a7b6c6f08,,,
3330,2025-12-28 04:58:39.840525+00,30/04/2025,PIX TRANSF  SERGIO 30/04,-30,,despesa,ab8d364a-e1be-4759-8dd8-0f7301afc405,f8d483c3-f001-4e7b-8190-8712efad946f,1dd3e6b0-9ae3-4d5b-a56e-da4a7b6c6f08,,,
3331,2025-12-28 04:58:39.840525+00,30/04/2025,COF APLICACAO CDB,-1900,,despesa,ab8d364a-e1be-4759-8dd8-0f7301afc405,a960566a-1436-42aa-8932-6ca576710bb5,1dd3e6b0-9ae3-4d5b-a56e-da4a7b6c6f08,,,
3332,2025-12-28 04:58:39.840525+00,30/04/2025,REND PAGO APLIC AUT MAIS,0.01,,receita,ab8d364a-e1be-4759-8dd8-0f7301afc405,97d6c354-a30d-4904-b648-419a8d50459b,1dd3e6b0-9ae3-4d5b-a56e-da4a7b6c6f08,,,
3333,2025-12-28 04:58:39.840525+00,30/04/2025,INT IPVA-SPDGY6G95PARC05,-797.26,,despesa,ab8d364a-e1be-4759-8dd8-0f7301afc405,731e5ac5-e383-47e3-a2d8-88549cdfedac,1dd3e6b0-9ae3-4d5b-a56e-da4a7b6c6f08,,,
3334,2025-12-28 04:58:39.840525+00,30/04/2025,FOLHA DE FERIAS,2042.34,,receita,ab8d364a-e1be-4759-8dd8-0f7301afc405,8d498f29-a477-46b9-9f33-b11ebf640b0a,1dd3e6b0-9ae3-4d5b-a56e-da4a7b6c6f08,,,
3335,2025-12-28 04:58:39.840525+00,05/05/2025,DI  RESGATE CDB,450.67,,receita,ab8d364a-e1be-4759-8dd8-0f7301afc405,a6f76f77-dd69-4199-9d99-aa01b2d8b4dd,1dd3e6b0-9ae3-4d5b-a56e-da4a7b6c6f08,,,
3336,2025-12-28 04:58:39.840525+00,05/05/2025,PIX TRANSF  TANIA Y05/05,-450,,despesa,ab8d364a-e1be-4759-8dd8-0f7301afc405,18cbbf25-6142-4bcf-937d-5927c853ac9a,1dd3e6b0-9ae3-4d5b-a56e-da4a7b6c6f08,,,
3337,2025-12-28 04:58:39.840525+00,07/05/2025,DI  RESGATE CDB,2555.52,,receita,ab8d364a-e1be-4759-8dd8-0f7301afc405,a6f76f77-dd69-4199-9d99-aa01b2d8b4dd,1dd3e6b0-9ae3-4d5b-a56e-da4a7b6c6f08,,,
3338,2025-12-28 04:58:39.840525+00,07/05/2025,PIX TRANSF  JOSE LU07/05,-2555,,despesa,ab8d364a-e1be-4759-8dd8-0f7301afc405,1dc7f06c-288f-4447-8cb6-c1bb991235a6,1dd3e6b0-9ae3-4d5b-a56e-da4a7b6c6f08,,,
3339,2025-12-28 04:58:39.840525+00,12/05/2025,DI  RESGATE CDB,1000.48,,receita,ab8d364a-e1be-4759-8dd8-0f7301afc405,a6f76f77-dd69-4199-9d99-aa01b2d8b4dd,1dd3e6b0-9ae3-4d5b-a56e-da4a7b6c6f08,,,
3340,2025-12-28 04:58:39.840525+00,12/05/2025,PIX TRANSF  ANDREA 11/05,-1000,,despesa,ab8d364a-e1be-4759-8dd8-0f7301afc405,1dc7f06c-288f-4447-8cb6-c1bb991235a6,1dd3e6b0-9ae3-4d5b-a56e-da4a7b6c6f08,,,
3341,2025-12-28 04:58:39.840525+00,12/05/2025,SEGURO CARTAO,-26.26,,despesa,ab8d364a-e1be-4759-8dd8-0f7301afc405,591cce5b-dd4d-4124-934e-4dcadd17e66d,1dd3e6b0-9ae3-4d5b-a56e-da4a7b6c6f08,,,
3342,2025-12-28 04:58:39.840525+00,13/05/2025,COF APLICACAO CDB,-300,,despesa,ab8d364a-e1be-4759-8dd8-0f7301afc405,a960566a-1436-42aa-8932-6ca576710bb5,1dd3e6b0-9ae3-4d5b-a56e-da4a7b6c6f08,,,
3343,2025-12-28 04:58:39.840525+00,13/05/2025,SISPAG  FUND SAUDE ITAU,324.81,,receita,ab8d364a-e1be-4759-8dd8-0f7301afc405,5d2b220a-c76c-4a40-b27c-8603b0ef20dc,1dd3e6b0-9ae3-4d5b-a56e-da4a7b6c6f08,,,
3344,2025-12-28 04:58:39.840525+00,15/05/2025,COR AMORTIZACAO - RF,243.74,,receita,ab8d364a-e1be-4759-8dd8-0f7301afc405,a6f76f77-dd69-4199-9d99-aa01b2d8b4dd,1dd3e6b0-9ae3-4d5b-a56e-da4a7b6c6f08,,,
3345,2025-12-28 04:58:39.840525+00,15/05/2025,COR JUROS RF,142.68,,receita,ab8d364a-e1be-4759-8dd8-0f7301afc405,97d6c354-a30d-4904-b648-419a8d50459b,1dd3e6b0-9ae3-4d5b-a56e-da4a7b6c6f08,,,
3346,2025-12-28 04:58:39.840525+00,15/05/2025,COR AMORTIZACAO - RF,2982.61,,receita,ab8d364a-e1be-4759-8dd8-0f7301afc405,a6f76f77-dd69-4199-9d99-aa01b2d8b4dd,1dd3e6b0-9ae3-4d5b-a56e-da4a7b6c6f08,,,
3347,2025-12-28 04:58:39.840525+00,15/05/2025,COF APLICACAO CDB,-3405,,despesa,ab8d364a-e1be-4759-8dd8-0f7301afc405,a960566a-1436-42aa-8932-6ca576710bb5,1dd3e6b0-9ae3-4d5b-a56e-da4a7b6c6f08,,,
3348,2025-12-28 04:58:39.840525+00,16/05/2025,DI  RESGATE CDB,40.5,,receita,ab8d364a-e1be-4759-8dd8-0f7301afc405,a6f76f77-dd69-4199-9d99-aa01b2d8b4dd,1dd3e6b0-9ae3-4d5b-a56e-da4a7b6c6f08,,,
3349,2025-12-28 04:58:39.840525+00,16/05/2025,SAQUE BANCO24H383647486,-40,,despesa,ab8d364a-e1be-4759-8dd8-0f7301afc405,62b5839d-37ef-4c03-8762-64b67a6f92d1,1dd3e6b0-9ae3-4d5b-a56e-da4a7b6c6f08,,,
3350,2025-12-28 04:58:39.840525+00,26/05/2025,RESGATE CDB DI,260.3,,receita,ab8d364a-e1be-4759-8dd8-0f7301afc405,a6f76f77-dd69-4199-9d99-aa01b2d8b4dd,1dd3e6b0-9ae3-4d5b-a56e-da4a7b6c6f08,,,
3351,2025-12-28 04:58:39.840525+00,26/05/2025,PIX TRANSF BRUNO S26/05,-242.82,,despesa,ab8d364a-e1be-4759-8dd8-0f7301afc405,1dc7f06c-288f-4447-8cb6-c1bb991235a6,1dd3e6b0-9ae3-4d5b-a56e-da4a7b6c6f08,,,
3352,2025-12-28 04:58:39.840525+00,27/05/2025,INT MC BLACK,-4817.57,,despesa,ab8d364a-e1be-4759-8dd8-0f7301afc405,925acfd0-a8f8-49f2-b965-74a2995dd673,1dd3e6b0-9ae3-4d5b-a56e-da4a7b6c6f08,,,
3353,2025-12-28 04:58:39.840525+00,27/05/2025,PIX QRS MERCADO PAG27/05,-694.21,,despesa,ab8d364a-e1be-4759-8dd8-0f7301afc405,e47eb18a-a8ba-48c0-a91b-a8a69607b6f5,1dd3e6b0-9ae3-4d5b-a56e-da4a7b6c6f08,,,
3354,2025-12-28 04:58:39.840525+00,27/05/2025,PIX TRANSF Thamire27/05,-250,,despesa,ab8d364a-e1be-4759-8dd8-0f7301afc405,a322d63f-1e05-4ecf-a91b-bc4407190c8a,1dd3e6b0-9ae3-4d5b-a56e-da4a7b6c6f08,,,
3355,2025-12-28 04:58:39.840525+00,27/05/2025,PIX QRS PORTOSEG SA27/05,-233.67,,despesa,ab8d364a-e1be-4759-8dd8-0f7301afc405,e47eb18a-a8ba-48c0-a91b-a8a69607b6f5,1dd3e6b0-9ae3-4d5b-a56e-da4a7b6c6f08,,,
3356,2025-12-28 04:58:39.840525+00,27/05/2025,PIX TRANSF LIDIANI27/05,-16.81,,despesa,ab8d364a-e1be-4759-8dd8-0f7301afc405,4e362739-e52c-4861-af97-c8ab908b3871,1dd3e6b0-9ae3-4d5b-a56e-da4a7b6c6f08,,,
3357,2025-12-28 04:58:39.840525+00,27/05/2025,PIX TRANSF HELIO D27/05,-66,,despesa,ab8d364a-e1be-4759-8dd8-0f7301afc405,0b0f2cb1-a809-4789-b700-ad9e616f925e,1dd3e6b0-9ae3-4d5b-a56e-da4a7b6c6f08,,,
3358,2025-12-28 04:58:39.840525+00,27/05/2025,APLICACAO CDB COFRINHOS,-4900,,despesa,ab8d364a-e1be-4759-8dd8-0f7301afc405,a960566a-1436-42aa-8932-6ca576710bb5,1dd3e6b0-9ae3-4d5b-a56e-da4a7b6c6f08,,,
3359,2025-12-28 04:58:39.840525+00,27/05/2025,FOLHA PAGTO 13. SALARIO,4984.17,,receita,ab8d364a-e1be-4759-8dd8-0f7301afc405,8d498f29-a477-46b9-9f33-b11ebf640b0a,1dd3e6b0-9ae3-4d5b-a56e-da4a7b6c6f08,,,
3360,2025-12-28 04:58:39.840525+00,27/05/2025,FOLHA PAGAMENTO MENSAL,6012.41,,receita,ab8d364a-e1be-4759-8dd8-0f7301afc405,8d498f29-a477-46b9-9f33-b11ebf640b0a,1dd3e6b0-9ae3-4d5b-a56e-da4a7b6c6f08,,,
3361,2025-12-28 04:58:39.840525+00,28/05/2025,RESGATE CDB Cofrinhos,3000.01,,receita,ab8d364a-e1be-4759-8dd8-0f7301afc405,a6f76f77-dd69-4199-9d99-aa01b2d8b4dd,1dd3e6b0-9ae3-4d5b-a56e-da4a7b6c6f08,,,
3362,2025-12-28 04:58:39.840525+00,28/05/2025,PIX TRANSF AVENUE 28/05,-3000,,despesa,ab8d364a-e1be-4759-8dd8-0f7301afc405,a960566a-1436-42aa-8932-6ca576710bb5,1dd3e6b0-9ae3-4d5b-a56e-da4a7b6c6f08,,,
3363,2025-12-28 04:58:39.840525+00,29/05/2025,RESGATE CDB DI,20.85,,receita,ab8d364a-e1be-4759-8dd8-0f7301afc405,a6f76f77-dd69-4199-9d99-aa01b2d8b4dd,1dd3e6b0-9ae3-4d5b-a56e-da4a7b6c6f08,,,
3364,2025-12-28 04:58:39.840525+00,29/05/2025,PIX TRANSF FABIANA29/05,-52.66,,despesa,ab8d364a-e1be-4759-8dd8-0f7301afc405,b2432a60-172c-441c-a73c-c62d40f1028e,1dd3e6b0-9ae3-4d5b-a56e-da4a7b6c6f08,,,
3365,2025-12-28 04:58:39.840525+00,02/06/2025,PIX QRS NEWC BR CON31/05,-220,,despesa,ab8d364a-e1be-4759-8dd8-0f7301afc405,e47eb18a-a8ba-48c0-a91b-a8a69607b6f5,1dd3e6b0-9ae3-4d5b-a56e-da4a7b6c6f08,,,
3366,2025-12-28 04:58:39.840525+00,02/06/2025,PIX QRS NEWC BR CON31/05,-110,,despesa,ab8d364a-e1be-4759-8dd8-0f7301afc405,e47eb18a-a8ba-48c0-a91b-a8a69607b6f5,1dd3e6b0-9ae3-4d5b-a56e-da4a7b6c6f08,,,
3367,2025-12-28 04:58:39.840525+00,02/06/2025,RESGATE CDB DI,326.58,,receita,ab8d364a-e1be-4759-8dd8-0f7301afc405,a6f76f77-dd69-4199-9d99-aa01b2d8b4dd,1dd3e6b0-9ae3-4d5b-a56e-da4a7b6c6f08,,,
3368,2025-12-28 04:58:39.840525+00,02/06/2025,PIX QRS McDonalds31/05,-45,,despesa,ab8d364a-e1be-4759-8dd8-0f7301afc405,5db76a92-a270-4705-8ed6-d5bc99469a6b,1dd3e6b0-9ae3-4d5b-a56e-da4a7b6c6f08,,,
3369,2025-12-28 04:58:39.840525+00,02/06/2025,RESGATE CDB DI,44.86,,receita,ab8d364a-e1be-4759-8dd8-0f7301afc405,a6f76f77-dd69-4199-9d99-aa01b2d8b4dd,1dd3e6b0-9ae3-4d5b-a56e-da4a7b6c6f08,,,
3370,2025-12-28 04:58:39.840525+00,02/06/2025,RESGATE CDB DI,300.5,,receita,ab8d364a-e1be-4759-8dd8-0f7301afc405,a6f76f77-dd69-4199-9d99-aa01b2d8b4dd,1dd3e6b0-9ae3-4d5b-a56e-da4a7b6c6f08,,,
3371,2025-12-28 04:58:39.840525+00,02/06/2025,PIX TRANSF TANIA Y02/06,-300,,despesa,ab8d364a-e1be-4759-8dd8-0f7301afc405,18cbbf25-6142-4bcf-937d-5927c853ac9a,1dd3e6b0-9ae3-4d5b-a56e-da4a7b6c6f08,,,
3372,2025-12-28 04:58:39.840525+00,03/06/2025,SAQUE DIN ATM BIOME00020,-40,,despesa,ab8d364a-e1be-4759-8dd8-0f7301afc405,62b5839d-37ef-4c03-8762-64b67a6f92d1,1dd3e6b0-9ae3-4d5b-a56e-da4a7b6c6f08,,,
3373,2025-12-28 04:58:39.840525+00,03/06/2025,RESGATE CDB DI,39.66,,receita,ab8d364a-e1be-4759-8dd8-0f7301afc405,a6f76f77-dd69-4199-9d99-aa01b2d8b4dd,1dd3e6b0-9ae3-4d5b-a56e-da4a7b6c6f08,,,
3374,2025-12-28 04:58:39.840525+00,05/06/2025,RESGATE CDB DI,200.59,,receita,ab8d364a-e1be-4759-8dd8-0f7301afc405,a6f76f77-dd69-4199-9d99-aa01b2d8b4dd,1dd3e6b0-9ae3-4d5b-a56e-da4a7b6c6f08,,,
3375,2025-12-28 04:58:39.840525+00,05/06/2025,PIX TRANSF ANDRE M05/06,-200,,despesa,ab8d364a-e1be-4759-8dd8-0f7301afc405,0b0f2cb1-a809-4789-b700-ad9e616f925e,1dd3e6b0-9ae3-4d5b-a56e-da4a7b6c6f08,,,
3376,2025-12-28 04:58:39.840525+00,09/06/2025,RESGATE CDB DI,30.32,,receita,ab8d364a-e1be-4759-8dd8-0f7301afc405,a6f76f77-dd69-4199-9d99-aa01b2d8b4dd,1dd3e6b0-9ae3-4d5b-a56e-da4a7b6c6f08,,,
3377,2025-12-28 04:58:39.840525+00,10/06/2025,SISPAG  FUND SAUDE ITAU,216.54,,receita,ab8d364a-e1be-4759-8dd8-0f7301afc405,5d2b220a-c76c-4a40-b27c-8603b0ef20dc,1dd3e6b0-9ae3-4d5b-a56e-da4a7b6c6f08,,,
3378,2025-12-28 04:58:39.840525+00,10/06/2025,SEGURO CARTAO,-26.26,,despesa,ab8d364a-e1be-4759-8dd8-0f7301afc405,591cce5b-dd4d-4124-934e-4dcadd17e66d,1dd3e6b0-9ae3-4d5b-a56e-da4a7b6c6f08,,,
3379,2025-12-28 04:58:39.840525+00,11/06/2025,PIX TRANSF Sergio 11/06,-35,,despesa,ab8d364a-e1be-4759-8dd8-0f7301afc405,f8d483c3-f001-4e7b-8190-8712efad946f,1dd3e6b0-9ae3-4d5b-a56e-da4a7b6c6f08,,,
3380,2025-12-28 04:58:39.840525+00,13/06/2025,PIX TRANSF HELIO D13/06,-20,,despesa,ab8d364a-e1be-4759-8dd8-0f7301afc405,0b0f2cb1-a809-4789-b700-ad9e616f925e,1dd3e6b0-9ae3-4d5b-a56e-da4a7b6c6f08,,,
3381,2025-12-28 04:58:39.840525+00,16/06/2025,PIX QRS HS DO BRASI14/06,-100,,despesa,ab8d364a-e1be-4759-8dd8-0f7301afc405,e47eb18a-a8ba-48c0-a91b-a8a69607b6f5,1dd3e6b0-9ae3-4d5b-a56e-da4a7b6c6f08,,,
3382,2025-12-28 04:58:39.840525+00,16/06/2025,COR JUROS RF,144.5,,receita,ab8d364a-e1be-4759-8dd8-0f7301afc405,97d6c354-a30d-4904-b648-419a8d50459b,1dd3e6b0-9ae3-4d5b-a56e-da4a7b6c6f08,,,
3383,2025-12-28 04:58:39.840525+00,16/06/2025,COR AMORTIZACAO - RF,479.15,,receita,ab8d364a-e1be-4759-8dd8-0f7301afc405,a6f76f77-dd69-4199-9d99-aa01b2d8b4dd,1dd3e6b0-9ae3-4d5b-a56e-da4a7b6c6f08,,,
3384,2025-12-28 04:58:39.840525+00,16/06/2025,COR AMORTIZACAO - RF,196.69,,receita,ab8d364a-e1be-4759-8dd8-0f7301afc405,a6f76f77-dd69-4199-9d99-aa01b2d8b4dd,1dd3e6b0-9ae3-4d5b-a56e-da4a7b6c6f08,,,
3385,2025-12-28 04:58:39.840525+00,16/06/2025,APLICACAO CDB COFRINHOS,-900,,despesa,ab8d364a-e1be-4759-8dd8-0f7301afc405,a960566a-1436-42aa-8932-6ca576710bb5,1dd3e6b0-9ae3-4d5b-a56e-da4a7b6c6f08,,,
3386,2025-12-28 04:58:39.840525+00,16/06/2025,PGTO ITAU ITAU-K9028088,46.63,,receita,ab8d364a-e1be-4759-8dd8-0f7301afc405,5d2b220a-c76c-4a40-b27c-8603b0ef20dc,1dd3e6b0-9ae3-4d5b-a56e-da4a7b6c6f08,,,
3387,2025-12-28 04:58:39.840525+00,16/06/2025,PGTO ITAU ITAU-K9033119,6.52,,receita,ab8d364a-e1be-4759-8dd8-0f7301afc405,5d2b220a-c76c-4a40-b27c-8603b0ef20dc,1dd3e6b0-9ae3-4d5b-a56e-da4a7b6c6f08,,,
3388,2025-12-28 04:58:39.840525+00,20/06/2025,PIX TRANSF HS DO B20/06,120,,receita,ab8d364a-e1be-4759-8dd8-0f7301afc405,1dc7f06c-288f-4447-8cb6-c1bb991235a6,1dd3e6b0-9ae3-4d5b-a56e-da4a7b6c6f08,,,
3389,2025-12-28 04:58:39.840525+00,23/06/2025,PIX TRANSF ALEXAND23/06,10,,receita,ab8d364a-e1be-4759-8dd8-0f7301afc405,1dc7f06c-288f-4447-8cb6-c1bb991235a6,1dd3e6b0-9ae3-4d5b-a56e-da4a7b6c6f08,,,
3390,2025-12-28 04:58:39.840525+00,24/06/2025,PIX TRANSF CASA DE24/06,-34,,despesa,ab8d364a-e1be-4759-8dd8-0f7301afc405,1dc7f06c-288f-4447-8cb6-c1bb991235a6,1dd3e6b0-9ae3-4d5b-a56e-da4a7b6c6f08,,,
3391,2025-12-28 04:58:39.840525+00,25/06/2025,PIX TRANSF HS DO B25/06,53.11,,receita,ab8d364a-e1be-4759-8dd8-0f7301afc405,1dc7f06c-288f-4447-8cb6-c1bb991235a6,1dd3e6b0-9ae3-4d5b-a56e-da4a7b6c6f08,,,
3392,2025-12-28 04:58:39.840525+00,26/06/2025,PIX TRANSF FABIANA26/06,-13.75,,despesa,ab8d364a-e1be-4759-8dd8-0f7301afc405,1dc7f06c-288f-4447-8cb6-c1bb991235a6,1dd3e6b0-9ae3-4d5b-a56e-da4a7b6c6f08,,,
3393,2025-12-28 04:58:39.840525+00,27/06/2025,PIX QRS PORTOSEG S/27/06,-415.24,,despesa,ab8d364a-e1be-4759-8dd8-0f7301afc405,e47eb18a-a8ba-48c0-a91b-a8a69607b6f5,1dd3e6b0-9ae3-4d5b-a56e-da4a7b6c6f08,,,
3394,2025-12-28 04:58:39.840525+00,27/06/2025,INT MC BLACK,-3145.06,,despesa,ab8d364a-e1be-4759-8dd8-0f7301afc405,925acfd0-a8f8-49f2-b965-74a2995dd673,1dd3e6b0-9ae3-4d5b-a56e-da4a7b6c6f08,,,
3395,2025-12-28 04:58:39.840525+00,27/06/2025,PIX QRS MERCADO PAG27/06,-668.7,,despesa,ab8d364a-e1be-4759-8dd8-0f7301afc405,e47eb18a-a8ba-48c0-a91b-a8a69607b6f5,1dd3e6b0-9ae3-4d5b-a56e-da4a7b6c6f08,,,
3396,2025-12-28 04:58:39.840525+00,27/06/2025,PIX TRANSF Thamire27/06,-250,,despesa,ab8d364a-e1be-4759-8dd8-0f7301afc405,a322d63f-1e05-4ecf-a91b-bc4407190c8a,1dd3e6b0-9ae3-4d5b-a56e-da4a7b6c6f08,,,
3397,2025-12-28 04:58:39.840525+00,27/06/2025,PIX TRANSF ANDRE M27/06,-200,,despesa,ab8d364a-e1be-4759-8dd8-0f7301afc405,0b0f2cb1-a809-4789-b700-ad9e616f925e,1dd3e6b0-9ae3-4d5b-a56e-da4a7b6c6f08,,,
3398,2025-12-28 04:58:39.840525+00,27/06/2025,APLICACAO CDB COFRINHOS,-2500,,despesa,ab8d364a-e1be-4759-8dd8-0f7301afc405,a960566a-1436-42aa-8932-6ca576710bb5,1dd3e6b0-9ae3-4d5b-a56e-da4a7b6c6f08,,,
3399,2025-12-28 04:58:39.840525+00,27/06/2025,FOLHA PAGAMENTO MENSAL,7039.95,,receita,ab8d364a-e1be-4759-8dd8-0f7301afc405,8d498f29-a477-46b9-9f33-b11ebf640b0a,1dd3e6b0-9ae3-4d5b-a56e-da4a7b6c6f08,,,
3400,2025-12-28 04:58:39.840525+00,30/06/2025,PIX QRS RD SAUDE28/06,-57.76,,despesa,ab8d364a-e1be-4759-8dd8-0f7301afc405,e47eb18a-a8ba-48c0-a91b-a8a69607b6f5,1dd3e6b0-9ae3-4d5b-a56e-da4a7b6c6f08,,,
3401,2025-12-28 04:58:39.840525+00,30/06/2025,RESGATE CDB DI,50.57,,receita,ab8d364a-e1be-4759-8dd8-0f7301afc405,a6f76f77-dd69-4199-9d99-aa01b2d8b4dd,1dd3e6b0-9ae3-4d5b-a56e-da4a7b6c6f08,,,
3402,2025-12-28 04:58:39.840525+00,30/06/2025,PIX TRANSF SECR. D30/06,87.05,,receita,ab8d364a-e1be-4759-8dd8-0f7301afc405,1dc7f06c-288f-4447-8cb6-c1bb991235a6,1dd3e6b0-9ae3-4d5b-a56e-da4a7b6c6f08,,,
3403,2025-12-28 04:58:39.840525+00,01/07/2025,SAQUE BANCO24H 690371613,-40,,despesa,ab8d364a-e1be-4759-8dd8-0f7301afc405,62b5839d-37ef-4c03-8762-64b67a6f92d1,1dd3e6b0-9ae3-4d5b-a56e-da4a7b6c6f08,,,
3404,2025-12-28 04:58:39.840525+00,02/07/2025,PIX WHATS FABIANA02/07,-7.8,,despesa,ab8d364a-e1be-4759-8dd8-0f7301afc405,e47eb18a-a8ba-48c0-a91b-a8a69607b6f5,1dd3e6b0-9ae3-4d5b-a56e-da4a7b6c6f08,,,
3405,2025-12-28 04:58:39.840525+00,03/07/2025,PIX TRANSF TANIA Y03/07,-300,,despesa,ab8d364a-e1be-4759-8dd8-0f7301afc405,18cbbf25-6142-4bcf-937d-5927c853ac9a,1dd3e6b0-9ae3-4d5b-a56e-da4a7b6c6f08,,,
3406,2025-12-28 04:58:39.840525+00,03/07/2025,COR TES DIRETO - VENDA,335.31,,receita,ab8d364a-e1be-4759-8dd8-0f7301afc405,a6f76f77-dd69-4199-9d99-aa01b2d8b4dd,1dd3e6b0-9ae3-4d5b-a56e-da4a7b6c6f08,,,
3407,2025-12-28 04:58:39.840525+00,03/07/2025,COR IRRF TD. IRRF 0 TITULOS LFT PR,-12.21,,despesa,ab8d364a-e1be-4759-8dd8-0f7301afc405,a6f76f77-dd69-4199-9d99-aa01b2d8b4dd,1dd3e6b0-9ae3-4d5b-a56e-da4a7b6c6f08,,,
3408,2025-12-28 04:58:39.840525+00,07/07/2025,PIX TRANSF Sergio 05/07,-35,,despesa,ab8d364a-e1be-4759-8dd8-0f7301afc405,f8d483c3-f001-4e7b-8190-8712efad946f,1dd3e6b0-9ae3-4d5b-a56e-da4a7b6c6f08,,,
3409,2025-12-28 04:58:39.840525+00,08/07/2025,RESGATE CDB DI,1000.44,,receita,ab8d364a-e1be-4759-8dd8-0f7301afc405,a6f76f77-dd69-4199-9d99-aa01b2d8b4dd,1dd3e6b0-9ae3-4d5b-a56e-da4a7b6c6f08,,,
3410,2025-12-28 04:58:39.840525+00,08/07/2025,PIX TRANSF ANDREA 08/07,-1000,,despesa,ab8d364a-e1be-4759-8dd8-0f7301afc405,1dc7f06c-288f-4447-8cb6-c1bb991235a6,1dd3e6b0-9ae3-4d5b-a56e-da4a7b6c6f08,,,
3411,2025-12-28 04:58:39.840525+00,10/07/2025,SEGURO CARTAO,-26.26,,despesa,ab8d364a-e1be-4759-8dd8-0f7301afc405,591cce5b-dd4d-4124-934e-4dcadd17e66d,1dd3e6b0-9ae3-4d5b-a56e-da4a7b6c6f08,,,
3412,2025-12-28 04:58:39.840525+00,11/07/2025,SISPAG FUND SAUDE ITAU S,216.54,,receita,ab8d364a-e1be-4759-8dd8-0f7301afc405,5d2b220a-c76c-4a40-b27c-8603b0ef20dc,1dd3e6b0-9ae3-4d5b-a56e-da4a7b6c6f08,,,
3413,2025-12-28 04:58:39.840525+00,15/07/2025,COR AMORTIZACAO - RF,227.61,,receita,ab8d364a-e1be-4759-8dd8-0f7301afc405,a6f76f77-dd69-4199-9d99-aa01b2d8b4dd,1dd3e6b0-9ae3-4d5b-a56e-da4a7b6c6f08,,,
3414,2025-12-28 04:58:39.840525+00,15/07/2025,COR AMORTIZACAO - RF,2.62,,receita,ab8d364a-e1be-4759-8dd8-0f7301afc405,a6f76f77-dd69-4199-9d99-aa01b2d8b4dd,1dd3e6b0-9ae3-4d5b-a56e-da4a7b6c6f08,,,
3415,2025-12-28 04:58:39.840525+00,15/07/2025,COR JUROS RF,127.58,,receita,ab8d364a-e1be-4759-8dd8-0f7301afc405,97d6c354-a30d-4904-b648-419a8d50459b,1dd3e6b0-9ae3-4d5b-a56e-da4a7b6c6f08,,,
3416,2025-12-28 04:58:39.840525+00,15/07/2025,PIX TRANSF ANDREA 15/07,-350,,despesa,ab8d364a-e1be-4759-8dd8-0f7301afc405,1dc7f06c-288f-4447-8cb6-c1bb991235a6,1dd3e6b0-9ae3-4d5b-a56e-da4a7b6c6f08,,,
3417,2025-12-28 04:58:39.840525+00,15/07/2025,APLICACAO CDB COFRINHOS,-250,,despesa,ab8d364a-e1be-4759-8dd8-0f7301afc405,a960566a-1436-42aa-8932-6ca576710bb5,1dd3e6b0-9ae3-4d5b-a56e-da4a7b6c6f08,,,
3418,2025-12-28 04:58:39.840525+00,18/07/2025,PIX TRANSF AVENUE 18/07,-8000,,despesa,ab8d364a-e1be-4759-8dd8-0f7301afc405,a960566a-1436-42aa-8932-6ca576710bb5,1dd3e6b0-9ae3-4d5b-a56e-da4a7b6c6f08,,,
3419,2025-12-28 04:58:39.840525+00,18/07/2025,RESGATE CDB DI,100.72,,receita,ab8d364a-e1be-4759-8dd8-0f7301afc405,a6f76f77-dd69-4199-9d99-aa01b2d8b4dd,1dd3e6b0-9ae3-4d5b-a56e-da4a7b6c6f08,,,
3420,2025-12-28 04:58:39.840525+00,18/07/2025,RESGATE CDB Cofrinhos,7900.01,,receita,ab8d364a-e1be-4759-8dd8-0f7301afc405,a6f76f77-dd69-4199-9d99-aa01b2d8b4dd,1dd3e6b0-9ae3-4d5b-a56e-da4a7b6c6f08,,,
3421,2025-12-28 04:58:39.840525+00,21/07/2025,COR TES DIRETO - VENDA,3716.74,,receita,ab8d364a-e1be-4759-8dd8-0f7301afc405,a6f76f77-dd69-4199-9d99-aa01b2d8b4dd,1dd3e6b0-9ae3-4d5b-a56e-da4a7b6c6f08,,,
3422,2025-12-28 04:58:39.840525+00,21/07/2025,COR TES DIRETO - VENDA,4388.87,,receita,ab8d364a-e1be-4759-8dd8-0f7301afc405,a6f76f77-dd69-4199-9d99-aa01b2d8b4dd,1dd3e6b0-9ae3-4d5b-a56e-da4a7b6c6f08,,,
3423,2025-12-28 04:58:39.840525+00,21/07/2025,COR IRRF TD. IRRF 0 TITULOS LFT PR,-135.21,,despesa,ab8d364a-e1be-4759-8dd8-0f7301afc405,a6f76f77-dd69-4199-9d99-aa01b2d8b4dd,1dd3e6b0-9ae3-4d5b-a56e-da4a7b6c6f08,,,
3424,2025-12-28 04:58:39.840525+00,21/07/2025,COR IRRF TD. IRRF 0 TITULOS LFT PR,-163.28,,despesa,ab8d364a-e1be-4759-8dd8-0f7301afc405,a6f76f77-dd69-4199-9d99-aa01b2d8b4dd,1dd3e6b0-9ae3-4d5b-a56e-da4a7b6c6f08,,,
3425,2025-12-28 04:58:39.840525+00,21/07/2025,APLICACAO CDB COFRINHOS,-7800,,despesa,ab8d364a-e1be-4759-8dd8-0f7301afc405,a960566a-1436-42aa-8932-6ca576710bb5,1dd3e6b0-9ae3-4d5b-a56e-da4a7b6c6f08,,,
3426,2025-12-28 04:58:39.840525+00,25/07/2025,PIX QRS PORTOSEG S/25/07,-181.61,,despesa,ab8d364a-e1be-4759-8dd8-0f7301afc405,e47eb18a-a8ba-48c0-a91b-a8a69607b6f5,1dd3e6b0-9ae3-4d5b-a56e-da4a7b6c6f08,,,
3427,2025-12-28 04:58:39.840525+00,25/07/2025,PIX QRS MERCADO PAG25/07,-439.36,,despesa,ab8d364a-e1be-4759-8dd8-0f7301afc405,e47eb18a-a8ba-48c0-a91b-a8a69607b6f5,1dd3e6b0-9ae3-4d5b-a56e-da4a7b6c6f08,,,
3428,2025-12-28 04:58:39.840525+00,25/07/2025,PIX TRANSF AVENUE 25/07,-200,,despesa,ab8d364a-e1be-4759-8dd8-0f7301afc405,a960566a-1436-42aa-8932-6ca576710bb5,1dd3e6b0-9ae3-4d5b-a56e-da4a7b6c6f08,,,
3429,2025-12-28 04:58:39.840525+00,25/07/2025,PIX TRANSF ANDRE M25/07,-200,,despesa,ab8d364a-e1be-4759-8dd8-0f7301afc405,0b0f2cb1-a809-4789-b700-ad9e616f925e,1dd3e6b0-9ae3-4d5b-a56e-da4a7b6c6f08,,,
3430,2025-12-28 04:58:39.840525+00,25/07/2025,PIX TRANSF Thamire25/07,-250,,despesa,ab8d364a-e1be-4759-8dd8-0f7301afc405,a322d63f-1e05-4ecf-a91b-bc4407190c8a,1dd3e6b0-9ae3-4d5b-a56e-da4a7b6c6f08,,,
3431,2025-12-28 04:58:39.840525+00,25/07/2025,PIX TRANSF Mariana25/07,-15,,despesa,ab8d364a-e1be-4759-8dd8-0f7301afc405,b2432a60-172c-441c-a73c-c62d40f1028e,1dd3e6b0-9ae3-4d5b-a56e-da4a7b6c6f08,,,
3432,2025-12-28 04:58:39.840525+00,25/07/2025,FOLHA PAGAMENTO MENSAL,7069.51,,receita,ab8d364a-e1be-4759-8dd8-0f7301afc405,8d498f29-a477-46b9-9f33-b11ebf640b0a,1dd3e6b0-9ae3-4d5b-a56e-da4a7b6c6f08,,,
3433,2025-12-28 04:58:39.840525+00,28/07/2025,INT MC BLACK,-4793.18,,despesa,ab8d364a-e1be-4759-8dd8-0f7301afc405,925acfd0-a8f8-49f2-b965-74a2995dd673,1dd3e6b0-9ae3-4d5b-a56e-da4a7b6c6f08,,,
3434,2025-12-28 04:58:39.840525+00,28/07/2025,APLICACAO CDB COFRINHOS,-900,,despesa,ab8d364a-e1be-4759-8dd8-0f7301afc405,a960566a-1436-42aa-8932-6ca576710bb5,1dd3e6b0-9ae3-4d5b-a56e-da4a7b6c6f08,,,
3435,2025-12-28 04:58:39.840525+00,28/07/2025,PIX TRANSF MAYCON 28/07,60,,receita,ab8d364a-e1be-4759-8dd8-0f7301afc405,1dc7f06c-288f-4447-8cb6-c1bb991235a6,1dd3e6b0-9ae3-4d5b-a56e-da4a7b6c6f08,,,
3436,2025-12-28 04:58:39.840525+00,28/07/2025,SAQUE BANCO24H 472245119,-40,,despesa,ab8d364a-e1be-4759-8dd8-0f7301afc405,62b5839d-37ef-4c03-8762-64b67a6f92d1,1dd3e6b0-9ae3-4d5b-a56e-da4a7b6c6f08,,,
3437,2025-12-28 04:58:39.840525+00,28/07/2025,REND PAGO APLIC AUT MAIS,0.01,,receita,ab8d364a-e1be-4759-8dd8-0f7301afc405,97d6c354-a30d-4904-b648-419a8d50459b,1dd3e6b0-9ae3-4d5b-a56e-da4a7b6c6f08,,,
3438,2025-12-28 04:58:39.840525+00,29/07/2025,PIX TRANSF HELIO D29/07,-55,,despesa,ab8d364a-e1be-4759-8dd8-0f7301afc405,0b0f2cb1-a809-4789-b700-ad9e616f925e,1dd3e6b0-9ae3-4d5b-a56e-da4a7b6c6f08,,,
3439,2025-12-28 04:58:39.840525+00,31/07/2025,PIX TRANSF ANDREA 31/07,210,,receita,ab8d364a-e1be-4759-8dd8-0f7301afc405,1dc7f06c-288f-4447-8cb6-c1bb991235a6,1dd3e6b0-9ae3-4d5b-a56e-da4a7b6c6f08,,,
3440,2025-12-28 04:58:39.840525+00,31/07/2025,DEV PIX ANDREA CILE31/07,-210,,despesa,ab8d364a-e1be-4759-8dd8-0f7301afc405,1dc7f06c-288f-4447-8cb6-c1bb991235a6,1dd3e6b0-9ae3-4d5b-a56e-da4a7b6c6f08,,,
3441,2025-12-28 04:58:39.840525+00,01/08/2025,PIX TRANSF LUCAS G01/08,60,,receita,ab8d364a-e1be-4759-8dd8-0f7301afc405,1dc7f06c-288f-4447-8cb6-c1bb991235a6,1dd3e6b0-9ae3-4d5b-a56e-da4a7b6c6f08,,,
3442,2025-12-28 04:58:39.840525+00,04/08/2025,PIX TRANSF TANIA Y04/08,-300,,despesa,ab8d364a-e1be-4759-8dd8-0f7301afc405,18cbbf25-6142-4bcf-937d-5927c853ac9a,1dd3e6b0-9ae3-4d5b-a56e-da4a7b6c6f08,,,
3443,2025-12-28 04:58:39.840525+00,04/08/2025,APLICACAO CDB COFRINHOS,-4000,,despesa,ab8d364a-e1be-4759-8dd8-0f7301afc405,a960566a-1436-42aa-8932-6ca576710bb5,1dd3e6b0-9ae3-4d5b-a56e-da4a7b6c6f08,,,
3444,2025-12-28 04:58:39.840525+00,04/08/2025,RESGATE CDB Cofrinhos,300.01,,receita,ab8d364a-e1be-4759-8dd8-0f7301afc405,a6f76f77-dd69-4199-9d99-aa01b2d8b4dd,1dd3e6b0-9ae3-4d5b-a56e-da4a7b6c6f08,,,
3445,2025-12-28 04:58:39.840525+00,04/08/2025,PIX TRANSF ANDRE M04/08,-300,,despesa,ab8d364a-e1be-4759-8dd8-0f7301afc405,0b0f2cb1-a809-4789-b700-ad9e616f925e,1dd3e6b0-9ae3-4d5b-a56e-da4a7b6c6f08,,,
3446,2025-12-28 04:58:39.840525+00,04/08/2025,TED 104.0000CAIXA ECON F,4267.44,,receita,ab8d364a-e1be-4759-8dd8-0f7301afc405,0442a4c8-963f-489f-8402-35f13b9c4aa9,1dd3e6b0-9ae3-4d5b-a56e-da4a7b6c6f08,,,
3447,2025-12-28 04:58:39.840525+00,04/08/2025,TED 104.0000CAIXA ECON F,0.31,,receita,ab8d364a-e1be-4759-8dd8-0f7301afc405,0442a4c8-963f-489f-8402-35f13b9c4aa9,1dd3e6b0-9ae3-4d5b-a56e-da4a7b6c6f08,,,
3448,2025-12-28 04:58:39.840525+00,05/08/2025,PIX TRANSF MARIANA05/08,-15,,despesa,ab8d364a-e1be-4759-8dd8-0f7301afc405,b2432a60-172c-441c-a73c-c62d40f1028e,1dd3e6b0-9ae3-4d5b-a56e-da4a7b6c6f08,,,
3449,2025-12-28 04:58:39.840525+00,06/08/2025,PIX TRANSF Sergio 06/08,-35,,despesa,ab8d364a-e1be-4759-8dd8-0f7301afc405,f8d483c3-f001-4e7b-8190-8712efad946f,1dd3e6b0-9ae3-4d5b-a56e-da4a7b6c6f08,,,
3450,2025-12-28 04:58:39.840525+00,07/08/2025,PIX TRANSF FABIANA07/08,-9.7,,despesa,ab8d364a-e1be-4759-8dd8-0f7301afc405,1dc7f06c-288f-4447-8cb6-c1bb991235a6,1dd3e6b0-9ae3-4d5b-a56e-da4a7b6c6f08,,,
3451,2025-12-28 04:58:39.840525+00,11/08/2025,RSCSS ECOVIAS  FPA0908,-18.3,,despesa,ab8d364a-e1be-4759-8dd8-0f7301afc405,731e5ac5-e383-47e3-a2d8-88549cdfedac,1dd3e6b0-9ae3-4d5b-a56e-da4a7b6c6f08,,,
3452,2025-12-28 04:58:39.840525+00,11/08/2025,RESGATE CDB DI,10.68,,receita,ab8d364a-e1be-4759-8dd8-0f7301afc405,a6f76f77-dd69-4199-9d99-aa01b2d8b4dd,1dd3e6b0-9ae3-4d5b-a56e-da4a7b6c6f08,,,
3453,2025-12-28 04:58:39.840525+00,11/08/2025,SEGURO CARTAO,-26.26,,despesa,ab8d364a-e1be-4759-8dd8-0f7301afc405,591cce5b-dd4d-4124-934e-4dcadd17e66d,1dd3e6b0-9ae3-4d5b-a56e-da4a7b6c6f08,,,
3454,2025-12-28 04:58:39.840525+00,12/08/2025,PIX TRANSF ANDREA 12/08,300,,receita,ab8d364a-e1be-4759-8dd8-0f7301afc405,1dc7f06c-288f-4447-8cb6-c1bb991235a6,1dd3e6b0-9ae3-4d5b-a56e-da4a7b6c6f08,,,
3455,2025-12-28 04:58:39.840525+00,13/08/2025,APLICACAO CDB COFRINHOS,-300,,despesa,ab8d364a-e1be-4759-8dd8-0f7301afc405,a960566a-1436-42aa-8932-6ca576710bb5,1dd3e6b0-9ae3-4d5b-a56e-da4a7b6c6f08,,,
3456,2025-12-28 04:58:39.840525+00,13/08/2025,SISPAG FUND SAUDE ITAU S,216.54,,receita,ab8d364a-e1be-4759-8dd8-0f7301afc405,5d2b220a-c76c-4a40-b27c-8603b0ef20dc,1dd3e6b0-9ae3-4d5b-a56e-da4a7b6c6f08,,,
3457,2025-12-28 04:58:39.840525+00,13/08/2025,APLICACAO CDB COFRINHOS,-210,,despesa,ab8d364a-e1be-4759-8dd8-0f7301afc405,a960566a-1436-42aa-8932-6ca576710bb5,1dd3e6b0-9ae3-4d5b-a56e-da4a7b6c6f08,,,
3458,2025-12-28 04:58:39.840525+00,14/08/2025,PIX TRANSF Lincoln14/08,157.84,,receita,ab8d364a-e1be-4759-8dd8-0f7301afc405,f085b41a-4f63-45ce-ade8-110f1ee1a04f,1dd3e6b0-9ae3-4d5b-a56e-da4a7b6c6f08,,,
3459,2025-12-28 04:58:39.840525+00,15/08/2025,COR JUROS RF,145.53,,receita,ab8d364a-e1be-4759-8dd8-0f7301afc405,97d6c354-a30d-4904-b648-419a8d50459b,1dd3e6b0-9ae3-4d5b-a56e-da4a7b6c6f08,,,
3460,2025-12-28 04:58:39.840525+00,15/08/2025,COR AMORTIZACAO - RF,658.31,,receita,ab8d364a-e1be-4759-8dd8-0f7301afc405,a6f76f77-dd69-4199-9d99-aa01b2d8b4dd,1dd3e6b0-9ae3-4d5b-a56e-da4a7b6c6f08,,,
3461,2025-12-28 04:58:39.840525+00,15/08/2025,COR AMORTIZACAO - RF,192.98,,receita,ab8d364a-e1be-4759-8dd8-0f7301afc405,a6f76f77-dd69-4199-9d99-aa01b2d8b4dd,1dd3e6b0-9ae3-4d5b-a56e-da4a7b6c6f08,,,
3462,2025-12-28 04:58:39.840525+00,18/08/2025,APLICACAO CDB COFRINHOS,-1164,,despesa,ab8d364a-e1be-4759-8dd8-0f7301afc405,a960566a-1436-42aa-8932-6ca576710bb5,1dd3e6b0-9ae3-4d5b-a56e-da4a7b6c6f08,,,
3463,2025-12-28 04:58:39.840525+00,18/08/2025,REND PAGO APLIC AUT MAIS,0.01,,receita,ab8d364a-e1be-4759-8dd8-0f7301afc405,97d6c354-a30d-4904-b648-419a8d50459b,1dd3e6b0-9ae3-4d5b-a56e-da4a7b6c6f08,,,
3464,2025-12-28 04:58:39.840525+00,20/08/2025,PIX TRANSF ANDREA 20/08,48,,receita,ab8d364a-e1be-4759-8dd8-0f7301afc405,1dc7f06c-288f-4447-8cb6-c1bb991235a6,1dd3e6b0-9ae3-4d5b-a56e-da4a7b6c6f08,,,
3465,2025-12-28 04:58:39.840525+00,21/08/2025,PIX TRANSF MURILLO21/08,-5,,despesa,ab8d364a-e1be-4759-8dd8-0f7301afc405,1dc7f06c-288f-4447-8cb6-c1bb991235a6,1dd3e6b0-9ae3-4d5b-a56e-da4a7b6c6f08,,,
3466,2025-12-28 04:58:39.840525+00,25/08/2025,SAQUE BANCO24H 312387121,-40,,despesa,ab8d364a-e1be-4759-8dd8-0f7301afc405,62b5839d-37ef-4c03-8762-64b67a6f92d1,1dd3e6b0-9ae3-4d5b-a56e-da4a7b6c6f08,,,
3467,2025-12-28 04:58:39.840525+00,26/08/2025,PIX QRS SERGIO BATI26/08,-39,,despesa,ab8d364a-e1be-4759-8dd8-0f7301afc405,e47eb18a-a8ba-48c0-a91b-a8a69607b6f5,1dd3e6b0-9ae3-4d5b-a56e-da4a7b6c6f08,,,
3468,2025-12-28 04:58:39.840525+00,26/08/2025,PIX TRANSF Sabrina26/08,-80,,despesa,ab8d364a-e1be-4759-8dd8-0f7301afc405,1dc7f06c-288f-4447-8cb6-c1bb991235a6,1dd3e6b0-9ae3-4d5b-a56e-da4a7b6c6f08,,,
3469,2025-12-28 04:58:39.840525+00,26/08/2025,RESGATE CDB Cofrinhos,116,,receita,ab8d364a-e1be-4759-8dd8-0f7301afc405,a6f76f77-dd69-4199-9d99-aa01b2d8b4dd,1dd3e6b0-9ae3-4d5b-a56e-da4a7b6c6f08,,,
3470,2025-12-28 04:58:39.840525+00,27/08/2025,INT MC BLACK,-5321.29,,despesa,ab8d364a-e1be-4759-8dd8-0f7301afc405,925acfd0-a8f8-49f2-b965-74a2995dd673,1dd3e6b0-9ae3-4d5b-a56e-da4a7b6c6f08,,,
3471,2025-12-28 04:58:39.840525+00,27/08/2025,PIX QRS PORTOSEG S/27/08,-181.61,,despesa,ab8d364a-e1be-4759-8dd8-0f7301afc405,e47eb18a-a8ba-48c0-a91b-a8a69607b6f5,1dd3e6b0-9ae3-4d5b-a56e-da4a7b6c6f08,,,
3472,2025-12-28 04:58:39.840525+00,27/08/2025,PIX QRS MERCADO PAG27/08,-483.64,,despesa,ab8d364a-e1be-4759-8dd8-0f7301afc405,e47eb18a-a8ba-48c0-a91b-a8a69607b6f5,1dd3e6b0-9ae3-4d5b-a56e-da4a7b6c6f08,,,
3473,2025-12-28 04:58:39.840525+00,27/08/2025,APLICACAO CDB COFRINHOS,-550,,despesa,ab8d364a-e1be-4759-8dd8-0f7301afc405,a960566a-1436-42aa-8932-6ca576710bb5,1dd3e6b0-9ae3-4d5b-a56e-da4a7b6c6f08,,,
3474,2025-12-28 04:58:39.840525+00,27/08/2025,PIX TRANSF ANDRE M27/08,-200,,despesa,ab8d364a-e1be-4759-8dd8-0f7301afc405,0b0f2cb1-a809-4789-b700-ad9e616f925e,1dd3e6b0-9ae3-4d5b-a56e-da4a7b6c6f08,,,
3475,2025-12-28 04:58:39.840525+00,27/08/2025,PIX TRANSF Thamire27/08,-250,,despesa,ab8d364a-e1be-4759-8dd8-0f7301afc405,a322d63f-1e05-4ecf-a91b-bc4407190c8a,1dd3e6b0-9ae3-4d5b-a56e-da4a7b6c6f08,,,
3476,2025-12-28 04:58:39.840525+00,27/08/2025,FOLHA PAGAMENTO MENSAL,7039.95,,receita,ab8d364a-e1be-4759-8dd8-0f7301afc405,8d498f29-a477-46b9-9f33-b11ebf640b0a,1dd3e6b0-9ae3-4d5b-a56e-da4a7b6c6f08,,,
3477,2025-12-28 04:58:39.840525+00,01/09/2025,PIX TRANSF EDUARDO31/08,-50,,despesa,ab8d364a-e1be-4759-8dd8-0f7301afc405,1dc7f06c-288f-4447-8cb6-c1bb991235a6,1dd3e6b0-9ae3-4d5b-a56e-da4a7b6c6f08,,,
3478,2025-12-28 04:58:39.840525+00,01/09/2025,PIX TRANSF KELLY M01/09,-83.16,,despesa,ab8d364a-e1be-4759-8dd8-0f7301afc405,1dc7f06c-288f-4447-8cb6-c1bb991235a6,1dd3e6b0-9ae3-4d5b-a56e-da4a7b6c6f08,,,
3479,2025-12-28 04:58:39.840525+00,01/09/2025,RESGATE CDB DI,80.63,,receita,ab8d364a-e1be-4759-8dd8-0f7301afc405,a6f76f77-dd69-4199-9d99-aa01b2d8b4dd,1dd3e6b0-9ae3-4d5b-a56e-da4a7b6c6f08,,,
3480,2025-12-28 04:58:39.840525+00,02/09/2025,RESGATE CDB DI,600.14,,receita,ab8d364a-e1be-4759-8dd8-0f7301afc405,a6f76f77-dd69-4199-9d99-aa01b2d8b4dd,1dd3e6b0-9ae3-4d5b-a56e-da4a7b6c6f08,,,
3481,2025-12-28 04:58:39.840525+00,02/09/2025,PIX TRANSF TANIA Y02/09,-600,,despesa,ab8d364a-e1be-4759-8dd8-0f7301afc405,18cbbf25-6142-4bcf-937d-5927c853ac9a,1dd3e6b0-9ae3-4d5b-a56e-da4a7b6c6f08,,,
3482,2025-12-28 04:58:39.840525+00,04/09/2025,APLICACAO CDB COFRINHOS,-3027,,despesa,ab8d364a-e1be-4759-8dd8-0f7301afc405,a960566a-1436-42aa-8932-6ca576710bb5,1dd3e6b0-9ae3-4d5b-a56e-da4a7b6c6f08,,,
3483,2025-12-28 04:58:39.840525+00,04/09/2025,APLICACAO CDB COFRINHOS,-2090,,despesa,ab8d364a-e1be-4759-8dd8-0f7301afc405,a960566a-1436-42aa-8932-6ca576710bb5,1dd3e6b0-9ae3-4d5b-a56e-da4a7b6c6f08,,,
3484,2025-12-28 04:58:39.840525+00,04/09/2025,FOLHA DE FERIAS,5153.94,,receita,ab8d364a-e1be-4759-8dd8-0f7301afc405,8d498f29-a477-46b9-9f33-b11ebf640b0a,1dd3e6b0-9ae3-4d5b-a56e-da4a7b6c6f08,,,
3485,2025-12-28 04:58:39.840525+00,09/09/2025,PIX TRANSF  ANDREA 07/09,600,,receita,ab8d364a-e1be-4759-8dd8-0f7301afc405,1dc7f06c-288f-4447-8cb6-c1bb991235a6,1dd3e6b0-9ae3-4d5b-a56e-da4a7b6c6f08,,,
3486,2025-12-28 04:58:39.840525+00,09/09/2025,PAG LICENCIAMENTO DE VEI,-167.74,,despesa,ab8d364a-e1be-4759-8dd8-0f7301afc405,731e5ac5-e383-47e3-a2d8-88549cdfedac,1dd3e6b0-9ae3-4d5b-a56e-da4a7b6c6f08,,,
3487,2025-12-28 04:58:39.840525+00,09/09/2025,COF APLICACAO CDB,-400,,despesa,ab8d364a-e1be-4759-8dd8-0f7301afc405,a960566a-1436-42aa-8932-6ca576710bb5,1dd3e6b0-9ae3-4d5b-a56e-da4a7b6c6f08,,,
3488,2025-12-28 04:58:39.840525+00,09/09/2025,PIX TRANSF  ANDREA 08/09,260,,receita,ab8d364a-e1be-4759-8dd8-0f7301afc405,1dc7f06c-288f-4447-8cb6-c1bb991235a6,1dd3e6b0-9ae3-4d5b-a56e-da4a7b6c6f08,,,
3489,2025-12-28 04:58:39.840525+00,09/09/2025,SISPAG  FUND SAUDE ITAU,433.08,,receita,ab8d364a-e1be-4759-8dd8-0f7301afc405,5d2b220a-c76c-4a40-b27c-8603b0ef20dc,1dd3e6b0-9ae3-4d5b-a56e-da4a7b6c6f08,,,
3490,2025-12-28 04:58:39.840525+00,10/09/2025,SEGURO CARTAO,-26.26,,despesa,ab8d364a-e1be-4759-8dd8-0f7301afc405,591cce5b-dd4d-4124-934e-4dcadd17e66d,1dd3e6b0-9ae3-4d5b-a56e-da4a7b6c6f08,,,
3491,2025-12-28 04:58:39.840525+00,11/09/2025,PIX TRANSF JANAINA11/09,198.5,,receita,ab8d364a-e1be-4759-8dd8-0f7301afc405,1dc7f06c-288f-4447-8cb6-c1bb991235a6,1dd3e6b0-9ae3-4d5b-a56e-da4a7b6c6f08,,,
3492,2025-12-28 04:58:39.840525+00,15/09/2025,APLICACAO CDB COFRINHOS,-1000,,despesa,ab8d364a-e1be-4759-8dd8-0f7301afc405,a960566a-1436-42aa-8932-6ca576710bb5,1dd3e6b0-9ae3-4d5b-a56e-da4a7b6c6f08,,,
3493,2025-12-28 04:58:39.840525+00,15/09/2025,PIX QRS F N V M P C13/09,-2,,despesa,ab8d364a-e1be-4759-8dd8-0f7301afc405,e47eb18a-a8ba-48c0-a91b-a8a69607b6f5,1dd3e6b0-9ae3-4d5b-a56e-da4a7b6c6f08,,,
3494,2025-12-28 04:58:39.840525+00,15/09/2025,PIX TRANSF ANDREA 14/09,57.75,,receita,ab8d364a-e1be-4759-8dd8-0f7301afc405,1dc7f06c-288f-4447-8cb6-c1bb991235a6,1dd3e6b0-9ae3-4d5b-a56e-da4a7b6c6f08,,,
3495,2025-12-28 04:58:39.840525+00,15/09/2025,COR JUROS RF,127.78,,receita,ab8d364a-e1be-4759-8dd8-0f7301afc405,97d6c354-a30d-4904-b648-419a8d50459b,1dd3e6b0-9ae3-4d5b-a56e-da4a7b6c6f08,,,
3496,2025-12-28 04:58:39.840525+00,15/09/2025,COR AMORTIZACAO - RF,192.99,,receita,ab8d364a-e1be-4759-8dd8-0f7301afc405,a6f76f77-dd69-4199-9d99-aa01b2d8b4dd,1dd3e6b0-9ae3-4d5b-a56e-da4a7b6c6f08,,,
3497,2025-12-28 04:58:39.840525+00,15/09/2025,COR AMORTIZACAO - RF,670.82,,receita,ab8d364a-e1be-4759-8dd8-0f7301afc405,a6f76f77-dd69-4199-9d99-aa01b2d8b4dd,1dd3e6b0-9ae3-4d5b-a56e-da4a7b6c6f08,,,
3498,2025-12-28 04:58:39.840525+00,15/09/2025,PGTO ITAU ITAU-K10442709,20.86,,receita,ab8d364a-e1be-4759-8dd8-0f7301afc405,5d2b220a-c76c-4a40-b27c-8603b0ef20dc,1dd3e6b0-9ae3-4d5b-a56e-da4a7b6c6f08,,,
3499,2025-12-28 04:58:39.840525+00,15/09/2025,PGTO ITAU ITAU-K10438602,56.86,,receita,ab8d364a-e1be-4759-8dd8-0f7301afc405,5d2b220a-c76c-4a40-b27c-8603b0ef20dc,1dd3e6b0-9ae3-4d5b-a56e-da4a7b6c6f08,,,
3500,2025-12-28 04:58:39.840525+00,16/09/2025,PIX TRANSF ANDREA 16/09,-625,,despesa,ab8d364a-e1be-4759-8dd8-0f7301afc405,1dc7f06c-288f-4447-8cb6-c1bb991235a6,1dd3e6b0-9ae3-4d5b-a56e-da4a7b6c6f08,,,
3501,2025-12-28 04:58:39.840525+00,16/09/2025,PIX TRANSF AVENUE 16/09,-430,,despesa,ab8d364a-e1be-4759-8dd8-0f7301afc405,a960566a-1436-42aa-8932-6ca576710bb5,1dd3e6b0-9ae3-4d5b-a56e-da4a7b6c6f08,,,
3502,2025-12-28 04:58:39.840525+00,25/09/2025,APLICACAO CDB DI,-46700,,despesa,ab8d364a-e1be-4759-8dd8-0f7301afc405,a960566a-1436-42aa-8932-6ca576710bb5,1dd3e6b0-9ae3-4d5b-a56e-da4a7b6c6f08,,,
3503,2025-12-28 04:58:39.840525+00,25/09/2025,PIX TRANSF FABIANA25/09,-27.38,,despesa,ab8d364a-e1be-4759-8dd8-0f7301afc405,b2432a60-172c-441c-a73c-c62d40f1028e,1dd3e6b0-9ae3-4d5b-a56e-da4a7b6c6f08,,,
3504,2025-12-28 04:58:39.840525+00,25/09/2025,RESGATE CDB DI,10.84,,receita,ab8d364a-e1be-4759-8dd8-0f7301afc405,a6f76f77-dd69-4199-9d99-aa01b2d8b4dd,1dd3e6b0-9ae3-4d5b-a56e-da4a7b6c6f08,,,
3505,2025-12-28 04:58:39.840525+00,25/09/2025,FOLHA DE PARTICIPACAO,46718.74,,receita,ab8d364a-e1be-4759-8dd8-0f7301afc405,8d498f29-a477-46b9-9f33-b11ebf640b0a,1dd3e6b0-9ae3-4d5b-a56e-da4a7b6c6f08,,,
3506,2025-12-28 04:58:39.840525+00,26/09/2025,PIX QRS PORTOSEG S/26/09,-235.61,,despesa,ab8d364a-e1be-4759-8dd8-0f7301afc405,e47eb18a-a8ba-48c0-a91b-a8a69607b6f5,1dd3e6b0-9ae3-4d5b-a56e-da4a7b6c6f08,,,
3507,2025-12-28 04:58:39.840525+00,26/09/2025,PIX QRS MERCADO PAG26/09,-468.67,,despesa,ab8d364a-e1be-4759-8dd8-0f7301afc405,e47eb18a-a8ba-48c0-a91b-a8a69607b6f5,1dd3e6b0-9ae3-4d5b-a56e-da4a7b6c6f08,,,
3508,2025-12-28 04:58:39.840525+00,26/09/2025,INT MC BLACK,-6589.76,,despesa,ab8d364a-e1be-4759-8dd8-0f7301afc405,925acfd0-a8f8-49f2-b965-74a2995dd673,1dd3e6b0-9ae3-4d5b-a56e-da4a7b6c6f08,,,
3509,2025-12-28 04:58:39.840525+00,26/09/2025,RESGATE CDB Cofrinhos,3000.01,,receita,ab8d364a-e1be-4759-8dd8-0f7301afc405,a6f76f77-dd69-4199-9d99-aa01b2d8b4dd,1dd3e6b0-9ae3-4d5b-a56e-da4a7b6c6f08,,,
3510,2025-12-28 04:58:39.840525+00,26/09/2025,FOLHA PAGAMENTO MENSAL,4700.25,,receita,ab8d364a-e1be-4759-8dd8-0f7301afc405,8d498f29-a477-46b9-9f33-b11ebf640b0a,1dd3e6b0-9ae3-4d5b-a56e-da4a7b6c6f08,,,
3511,2025-12-28 04:58:39.840525+00,30/09/2025,PIX TRANSF ANDRE M30/09,-200,,despesa,ab8d364a-e1be-4759-8dd8-0f7301afc405,0b0f2cb1-a809-4789-b700-ad9e616f925e,1dd3e6b0-9ae3-4d5b-a56e-da4a7b6c6f08,,,
3512,2025-12-28 04:58:39.840525+00,30/09/2025,PIX TRANSF HELIO D30/09,-10,,despesa,ab8d364a-e1be-4759-8dd8-0f7301afc405,0b0f2cb1-a809-4789-b700-ad9e616f925e,1dd3e6b0-9ae3-4d5b-a56e-da4a7b6c6f08,,,
3513,2025-12-28 04:58:39.840525+00,30/09/2025,PAY BURGE 30/09,-29.9,,despesa,ab8d364a-e1be-4759-8dd8-0f7301afc405,5db76a92-a270-4705-8ed6-d5bc99469a6b,1dd3e6b0-9ae3-4d5b-a56e-da4a7b6c6f08,,,
3514,2025-12-28 04:58:39.840525+00,01/10/2025,PIX QRS MAGALUPAY01/10,-13.21,,despesa,ab8d364a-e1be-4759-8dd8-0f7301afc405,e47eb18a-a8ba-48c0-a91b-a8a69607b6f5,1dd3e6b0-9ae3-4d5b-a56e-da4a7b6c6f08,,,
3515,2025-12-28 04:58:39.840525+00,01/10/2025,PIX TRANSF ALEXAND01/10,305,,receita,ab8d364a-e1be-4759-8dd8-0f7301afc405,1dc7f06c-288f-4447-8cb6-c1bb991235a6,1dd3e6b0-9ae3-4d5b-a56e-da4a7b6c6f08,,,
3516,2025-12-28 04:58:39.840525+00,02/10/2025,PIX TRANSF RICHARD02/10,-180,,despesa,ab8d364a-e1be-4759-8dd8-0f7301afc405,1dc7f06c-288f-4447-8cb6-c1bb991235a6,1dd3e6b0-9ae3-4d5b-a56e-da4a7b6c6f08,,,
3517,2025-12-28 04:58:39.840525+00,06/10/2025,PIX TRANSF EDUARDO04/10,50,,receita,ab8d364a-e1be-4759-8dd8-0f7301afc405,1dc7f06c-288f-4447-8cb6-c1bb991235a6,1dd3e6b0-9ae3-4d5b-a56e-da4a7b6c6f08,,,
3518,2025-12-28 04:58:39.840525+00,07/10/2025,PIX QRS AUTO POSTO 07/10,-186.21,,despesa,ab8d364a-e1be-4759-8dd8-0f7301afc405,731e5ac5-e383-47e3-a2d8-88549cdfedac,1dd3e6b0-9ae3-4d5b-a56e-da4a7b6c6f08,,,
3519,2025-12-28 04:58:39.840525+00,09/10/2025,PIX TRANSF SIND EM09/10,160.89,,receita,ab8d364a-e1be-4759-8dd8-0f7301afc405,1dc7f06c-288f-4447-8cb6-c1bb991235a6,1dd3e6b0-9ae3-4d5b-a56e-da4a7b6c6f08,,,
3520,2025-12-28 04:58:39.840525+00,09/10/2025,SAQUE BANCO24H05937404,-50,,despesa,ab8d364a-e1be-4759-8dd8-0f7301afc405,62b5839d-37ef-4c03-8762-64b67a6f92d1,1dd3e6b0-9ae3-4d5b-a56e-da4a7b6c6f08,,,
3521,2025-12-28 04:58:39.840525+00,10/10/2025,SEGURO CARTAO,-26.26,,despesa,ab8d364a-e1be-4759-8dd8-0f7301afc405,591cce5b-dd4d-4124-934e-4dcadd17e66d,1dd3e6b0-9ae3-4d5b-a56e-da4a7b6c6f08,,,
3522,2025-12-28 04:58:39.840525+00,13/10/2025,PIX TRANSF RAPHAEL11/10,-77,,despesa,ab8d364a-e1be-4759-8dd8-0f7301afc405,0b0f2cb1-a809-4789-b700-ad9e616f925e,1dd3e6b0-9ae3-4d5b-a56e-da4a7b6c6f08,,,
3523,2025-12-28 04:58:39.840525+00,15/10/2025,COR AMORTIZACAO - RF,171.33,,receita,ab8d364a-e1be-4759-8dd8-0f7301afc405,a6f76f77-dd69-4199-9d99-aa01b2d8b4dd,1dd3e6b0-9ae3-4d5b-a56e-da4a7b6c6f08,,,
3524,2025-12-28 04:58:39.840525+00,15/10/2025,COR AMORTIZACAO - RF,168.09,,receita,ab8d364a-e1be-4759-8dd8-0f7301afc405,a6f76f77-dd69-4199-9d99-aa01b2d8b4dd,1dd3e6b0-9ae3-4d5b-a56e-da4a7b6c6f08,,,
3525,2025-12-28 04:58:39.840525+00,15/10/2025,COR JUROS RF,128.01,,receita,ab8d364a-e1be-4759-8dd8-0f7301afc405,97d6c354-a30d-4904-b648-419a8d50459b,1dd3e6b0-9ae3-4d5b-a56e-da4a7b6c6f08,,,
3526,2025-12-28 04:58:39.840525+00,27/10/2025,PIX QRS PORTOSEG S/25/10,-127.61,,despesa,ab8d364a-e1be-4759-8dd8-0f7301afc405,e47eb18a-a8ba-48c0-a91b-a8a69607b6f5,1dd3e6b0-9ae3-4d5b-a56e-da4a7b6c6f08,,,
3527,2025-12-28 04:58:39.840525+00,27/10/2025,SAQUE DIN ATM BIOME 77720736,-50,,despesa,ab8d364a-e1be-4759-8dd8-0f7301afc405,62b5839d-37ef-4c03-8762-64b67a6f92d1,1dd3e6b0-9ae3-4d5b-a56e-da4a7b6c6f08,,,
3528,2025-12-28 04:58:39.840525+00,27/10/2025,FOLHA PAGAMENTO MENSAL,7271.52,,receita,ab8d364a-e1be-4759-8dd8-0f7301afc405,8d498f29-a477-46b9-9f33-b11ebf640b0a,1dd3e6b0-9ae3-4d5b-a56e-da4a7b6c6f08,,,
3529,2025-12-28 04:58:39.840525+00,27/10/2025,PGTO ITAU ITAU-K11269171,99.4,,receita,ab8d364a-e1be-4759-8dd8-0f7301afc405,5d2b220a-c76c-4a40-b27c-8603b0ef20dc,1dd3e6b0-9ae3-4d5b-a56e-da4a7b6c6f08,,,
3530,2025-12-28 04:58:39.840525+00,27/10/2025,PGTO ITAU ITAU-K11279638,98.75,,receita,ab8d364a-e1be-4759-8dd8-0f7301afc405,5d2b220a-c76c-4a40-b27c-8603b0ef20dc,1dd3e6b0-9ae3-4d5b-a56e-da4a7b6c6f08,,,
3531,2025-12-28 04:58:39.840525+00,28/10/2025,PIX QRS MERCADO PAG28/10,-468.67,,despesa,ab8d364a-e1be-4759-8dd8-0f7301afc405,e47eb18a-a8ba-48c0-a91b-a8a69607b6f5,1dd3e6b0-9ae3-4d5b-a56e-da4a7b6c6f08,,,
3532,2025-12-28 04:58:39.840525+00,28/10/2025,INT MC BLACK,-5333.7,,despesa,ab8d364a-e1be-4759-8dd8-0f7301afc405,925acfd0-a8f8-49f2-b965-74a2995dd673,1dd3e6b0-9ae3-4d5b-a56e-da4a7b6c6f08,,,
3533,2025-12-28 04:58:39.840525+00,28/10/2025,PIX TRANSF ANDRE M28/10,-200,,despesa,ab8d364a-e1be-4759-8dd8-0f7301afc405,0b0f2cb1-a809-4789-b700-ad9e616f925e,1dd3e6b0-9ae3-4d5b-a56e-da4a7b6c6f08,,,
3534,2025-12-28 04:58:39.840525+00,28/10/2025,REND PAGO APLIC AUT MAIS,0.03,,receita,ab8d364a-e1be-4759-8dd8-0f7301afc405,97d6c354-a30d-4904-b648-419a8d50459b,1dd3e6b0-9ae3-4d5b-a56e-da4a7b6c6f08,,,
3535,2025-12-28 04:58:39.840525+00,29/10/2025,APLICACAO CDB COFRINHOS,-1850,,despesa,ab8d364a-e1be-4759-8dd8-0f7301afc405,a960566a-1436-42aa-8932-6ca576710bb5,1dd3e6b0-9ae3-4d5b-a56e-da4a7b6c6f08,,,
3536,2025-12-28 04:58:39.840525+00,29/10/2025,PIX TRANSF FABIANA29/10,-11.44,,despesa,ab8d364a-e1be-4759-8dd8-0f7301afc405,b2432a60-172c-441c-a73c-c62d40f1028e,1dd3e6b0-9ae3-4d5b-a56e-da4a7b6c6f08,,,
3537,2025-12-28 04:58:39.840525+00,29/10/2025,PIX TRANSF FABIANA29/10,-49.14,,despesa,ab8d364a-e1be-4759-8dd8-0f7301afc405,1dc7f06c-288f-4447-8cb6-c1bb991235a6,1dd3e6b0-9ae3-4d5b-a56e-da4a7b6c6f08,,,
3538,2025-12-28 04:58:39.840525+00,29/10/2025,REND PAGO APLIC AUT MAIS,0.01,,receita,ab8d364a-e1be-4759-8dd8-0f7301afc405,97d6c354-a30d-4904-b648-419a8d50459b,1dd3e6b0-9ae3-4d5b-a56e-da4a7b6c6f08,,,
3539,2025-12-28 04:58:39.840525+00,30/10/2025,PIX TRANSF JANAINA30/10,50,,receita,ab8d364a-e1be-4759-8dd8-0f7301afc405,1dc7f06c-288f-4447-8cb6-c1bb991235a6,1dd3e6b0-9ae3-4d5b-a56e-da4a7b6c6f08,,,
3540,2025-12-28 04:58:39.840525+00,30/10/2025,PIX TRANSF ALEXAND30/10,305,,receita,ab8d364a-e1be-4759-8dd8-0f7301afc405,1dc7f06c-288f-4447-8cb6-c1bb991235a6,1dd3e6b0-9ae3-4d5b-a56e-da4a7b6c6f08,,,
3541,2025-12-28 04:58:39.840525+00,31/10/2025,PIX TRANSF AVENUE 31/10,-300,,despesa,ab8d364a-e1be-4759-8dd8-0f7301afc405,a960566a-1436-42aa-8932-6ca576710bb5,1dd3e6b0-9ae3-4d5b-a56e-da4a7b6c6f08,,,
3542,2025-12-28 04:58:39.840525+00,04/11/2025,PIX TRANSF RICHARD04/11,-180,,despesa,ab8d364a-e1be-4759-8dd8-0f7301afc405,1dc7f06c-288f-4447-8cb6-c1bb991235a6,1dd3e6b0-9ae3-4d5b-a56e-da4a7b6c6f08,,,
3543,2025-12-28 04:58:39.840525+00,04/11/2025,PIX TRANSF TANIA Y04/11,-300,,despesa,ab8d364a-e1be-4759-8dd8-0f7301afc405,18cbbf25-6142-4bcf-937d-5927c853ac9a,1dd3e6b0-9ae3-4d5b-a56e-da4a7b6c6f08,,,
3544,2025-12-28 04:58:39.840525+00,04/11/2025,RESGATE CDB DI,451.08,,receita,ab8d364a-e1be-4759-8dd8-0f7301afc405,a6f76f77-dd69-4199-9d99-aa01b2d8b4dd,1dd3e6b0-9ae3-4d5b-a56e-da4a7b6c6f08,,,
3545,2025-12-28 04:58:39.840525+00,06/11/2025,PIX TRANSF ANA PAU06/11,-159,,despesa,ab8d364a-e1be-4759-8dd8-0f7301afc405,0b0f2cb1-a809-4789-b700-ad9e616f925e,1dd3e6b0-9ae3-4d5b-a56e-da4a7b6c6f08,,,
3546,2025-12-28 04:58:39.840525+00,06/11/2025,RESGATE CDB DI,160.38,,receita,ab8d364a-e1be-4759-8dd8-0f7301afc405,a6f76f77-dd69-4199-9d99-aa01b2d8b4dd,1dd3e6b0-9ae3-4d5b-a56e-da4a7b6c6f08,,,
3547,2025-12-28 04:58:39.840525+00,10/11/2025,PIX QRS AIRBNB PLAT09/11,-800.89,,despesa,ab8d364a-e1be-4759-8dd8-0f7301afc405,e47eb18a-a8ba-48c0-a91b-a8a69607b6f5,1dd3e6b0-9ae3-4d5b-a56e-da4a7b6c6f08,,,
3548,2025-12-28 04:58:39.840525+00,10/11/2025,RESGATE CDB Cofrinhos,800.01,,receita,ab8d364a-e1be-4759-8dd8-0f7301afc405,a6f76f77-dd69-4199-9d99-aa01b2d8b4dd,1dd3e6b0-9ae3-4d5b-a56e-da4a7b6c6f08,,,
3549,2025-12-28 04:58:39.840525+00,10/11/2025,RESGATE CDB Cofrinhos,2500.01,,receita,ab8d364a-e1be-4759-8dd8-0f7301afc405,a6f76f77-dd69-4199-9d99-aa01b2d8b4dd,1dd3e6b0-9ae3-4d5b-a56e-da4a7b6c6f08,,,
3550,2025-12-28 04:58:39.840525+00,10/11/2025,PIX TRANSF CENTRO 10/11,-2500,,despesa,ab8d364a-e1be-4759-8dd8-0f7301afc405,1dc7f06c-288f-4447-8cb6-c1bb991235a6,1dd3e6b0-9ae3-4d5b-a56e-da4a7b6c6f08,,,
3551,2025-12-28 04:58:39.840525+00,10/11/2025,SEGURO CARTAO,-26.26,,despesa,ab8d364a-e1be-4759-8dd8-0f7301afc405,591cce5b-dd4d-4124-934e-4dcadd17e66d,1dd3e6b0-9ae3-4d5b-a56e-da4a7b6c6f08,,,
3552,2025-12-28 04:58:39.840525+00,12/11/2025,SISPAG FUND SAUDE ITAU S,216.54,,receita,ab8d364a-e1be-4759-8dd8-0f7301afc405,5d2b220a-c76c-4a40-b27c-8603b0ef20dc,1dd3e6b0-9ae3-4d5b-a56e-da4a7b6c6f08,,,
3553,2025-12-28 04:58:39.840525+00,17/11/2025,PIX TRANSF D'PAULA15/11,-56,,despesa,ab8d364a-e1be-4759-8dd8-0f7301afc405,aec09805-bc0c-491b-9dd8-48d92d67f99d,1dd3e6b0-9ae3-4d5b-a56e-da4a7b6c6f08,,,
3554,2025-12-28 04:58:39.840525+00,17/11/2025,COR AMORTIZACAO - RF,169.96,,receita,ab8d364a-e1be-4759-8dd8-0f7301afc405,a6f76f77-dd69-4199-9d99-aa01b2d8b4dd,1dd3e6b0-9ae3-4d5b-a56e-da4a7b6c6f08,,,
3555,2025-12-28 04:58:39.840525+00,17/11/2025,COR AMORTIZACAO - RF,385.69,,receita,ab8d364a-e1be-4759-8dd8-0f7301afc405,a6f76f77-dd69-4199-9d99-aa01b2d8b4dd,1dd3e6b0-9ae3-4d5b-a56e-da4a7b6c6f08,,,
3556,2025-12-28 04:58:39.840525+00,17/11/2025,COR JUROS RF,132.12,,receita,ab8d364a-e1be-4759-8dd8-0f7301afc405,97d6c354-a30d-4904-b648-419a8d50459b,1dd3e6b0-9ae3-4d5b-a56e-da4a7b6c6f08,,,
3557,2025-12-28 04:58:39.840525+00,19/11/2025,FOLHA DE FERIAS,2153.18,,receita,ab8d364a-e1be-4759-8dd8-0f7301afc405,8d498f29-a477-46b9-9f33-b11ebf640b0a,1dd3e6b0-9ae3-4d5b-a56e-da4a7b6c6f08,,,
3558,2025-12-28 04:58:39.840525+00,24/11/2025,PIX TRANSF ANDREA 24/11,200,,receita,ab8d364a-e1be-4759-8dd8-0f7301afc405,1dc7f06c-288f-4447-8cb6-c1bb991235a6,1dd3e6b0-9ae3-4d5b-a56e-da4a7b6c6f08,,,
3559,2025-12-28 04:58:39.840525+00,27/11/2025,PIX QRS RENDIMENTOP27/11,-376.34,,despesa,ab8d364a-e1be-4759-8dd8-0f7301afc405,e47eb18a-a8ba-48c0-a91b-a8a69607b6f5,1dd3e6b0-9ae3-4d5b-a56e-da4a7b6c6f08,,,
3560,2025-12-28 04:58:39.840525+00,27/11/2025,PIX QRS RENDIMENTOP27/11,-395.62,,despesa,ab8d364a-e1be-4759-8dd8-0f7301afc405,e47eb18a-a8ba-48c0-a91b-a8a69607b6f5,1dd3e6b0-9ae3-4d5b-a56e-da4a7b6c6f08,,,
3561,2025-12-28 04:58:39.840525+00,27/11/2025,PIX QRS GLOBALPOWER27/11,-260.52,,despesa,ab8d364a-e1be-4759-8dd8-0f7301afc405,e47eb18a-a8ba-48c0-a91b-a8a69607b6f5,1dd3e6b0-9ae3-4d5b-a56e-da4a7b6c6f08,,,
3562,2025-12-28 04:58:39.840525+00,27/11/2025,SAQUE BANCO24H 661240876,-1000,,despesa,ab8d364a-e1be-4759-8dd8-0f7301afc405,62b5839d-37ef-4c03-8762-64b67a6f92d1,1dd3e6b0-9ae3-4d5b-a56e-da4a7b6c6f08,,,
3563,2025-12-28 04:58:39.840525+00,27/11/2025,SAQUE BANCO24H 253934067,-1000,,despesa,ab8d364a-e1be-4759-8dd8-0f7301afc405,62b5839d-37ef-4c03-8762-64b67a6f92d1,1dd3e6b0-9ae3-4d5b-a56e-da4a7b6c6f08,,,
3564,2025-12-28 04:58:39.840525+00,27/11/2025,SAQUE BANCO24H 785048757,-1000,,despesa,ab8d364a-e1be-4759-8dd8-0f7301afc405,62b5839d-37ef-4c03-8762-64b67a6f92d1,1dd3e6b0-9ae3-4d5b-a56e-da4a7b6c6f08,,,
3565,2025-12-28 04:58:39.840525+00,27/11/2025,FOLHA PAGAMENTO MENSAL,6229.69,,receita,ab8d364a-e1be-4759-8dd8-0f7301afc405,8d498f29-a477-46b9-9f33-b11ebf640b0a,1dd3e6b0-9ae3-4d5b-a56e-da4a7b6c6f08,,,
3566,2025-12-28 04:58:39.840525+00,28/11/2025,PIX QRS HUSSEIN KHO28/11,-150,,despesa,ab8d364a-e1be-4759-8dd8-0f7301afc405,e47eb18a-a8ba-48c0-a91b-a8a69607b6f5,1dd3e6b0-9ae3-4d5b-a56e-da4a7b6c6f08,,,
3567,2025-12-28 04:58:39.840525+00,28/11/2025,PIX QRS BRAZA BANK 28/11,-860.6,,despesa,ab8d364a-e1be-4759-8dd8-0f7301afc405,e47eb18a-a8ba-48c0-a91b-a8a69607b6f5,1dd3e6b0-9ae3-4d5b-a56e-da4a7b6c6f08,,,
3568,2025-12-28 04:58:39.840525+00,28/11/2025,PIX TRANSF FABIANA28/11,-130,,despesa,ab8d364a-e1be-4759-8dd8-0f7301afc405,1dc7f06c-288f-4447-8cb6-c1bb991235a6,1dd3e6b0-9ae3-4d5b-a56e-da4a7b6c6f08,,,
3569,2025-12-28 04:58:39.840525+00,28/11/2025,PIX QRS PYX PAY INT28/11,-485.37,,despesa,ab8d364a-e1be-4759-8dd8-0f7301afc405,e47eb18a-a8ba-48c0-a91b-a8a69607b6f5,1dd3e6b0-9ae3-4d5b-a56e-da4a7b6c6f08,,,
3570,2025-12-28 04:58:39.840525+00,28/11/2025,PIX QRS Joao Pedro 28/11,-95.72,,despesa,ab8d364a-e1be-4759-8dd8-0f7301afc405,e47eb18a-a8ba-48c0-a91b-a8a69607b6f5,1dd3e6b0-9ae3-4d5b-a56e-da4a7b6c6f08,,,
3571,2025-12-28 04:58:39.840525+00,28/11/2025,PIX QRS GLOBALPOWER28/11,-724.74,,despesa,ab8d364a-e1be-4759-8dd8-0f7301afc405,e47eb18a-a8ba-48c0-a91b-a8a69607b6f5,1dd3e6b0-9ae3-4d5b-a56e-da4a7b6c6f08,,,
3572,2025-12-28 04:58:39.840525+00,28/11/2025,PIX QRS GLOBALPOWER28/11,-613.45,,despesa,ab8d364a-e1be-4759-8dd8-0f7301afc405,e47eb18a-a8ba-48c0-a91b-a8a69607b6f5,1dd3e6b0-9ae3-4d5b-a56e-da4a7b6c6f08,,,
3573,2025-12-28 04:58:39.840525+00,28/11/2025,REND PAGO APLIC AUT MAIS,0.08,,receita,ab8d364a-e1be-4759-8dd8-0f7301afc405,97d6c354-a30d-4904-b648-419a8d50459b,1dd3e6b0-9ae3-4d5b-a56e-da4a7b6c6f08,,,
3574,2025-12-28 04:58:39.840525+00,01/12/2025,RESGATE CDB Cofrinhos,5692.48,,receita,ab8d364a-e1be-4759-8dd8-0f7301afc405,a6f76f77-dd69-4199-9d99-aa01b2d8b4dd,1dd3e6b0-9ae3-4d5b-a56e-da4a7b6c6f08,,,
3575,2025-12-28 04:58:39.840525+00,01/12/2025,PIX QRS GIRO PAY FA29/11,-5335,,despesa,ab8d364a-e1be-4759-8dd8-0f7301afc405,e47eb18a-a8ba-48c0-a91b-a8a69607b6f5,1dd3e6b0-9ae3-4d5b-a56e-da4a7b6c6f08,,,
3576,2025-12-28 04:58:39.840525+00,01/12/2025,RESGATE CDB Cofrinhos,3000.01,,receita,ab8d364a-e1be-4759-8dd8-0f7301afc405,a6f76f77-dd69-4199-9d99-aa01b2d8b4dd,1dd3e6b0-9ae3-4d5b-a56e-da4a7b6c6f08,,,
3577,2025-12-28 04:58:39.840525+00,01/12/2025,INT MC BLACK,-4561.38,,despesa,ab8d364a-e1be-4759-8dd8-0f7301afc405,925acfd0-a8f8-49f2-b965-74a2995dd673,1dd3e6b0-9ae3-4d5b-a56e-da4a7b6c6f08,,,
3578,2025-12-28 04:58:39.840525+00,01/12/2025,PAG BOLETO PORTOSEG SA C FINANC E INVEST,-181.61,,despesa,ab8d364a-e1be-4759-8dd8-0f7301afc405,925acfd0-a8f8-49f2-b965-74a2995dd673,1dd3e6b0-9ae3-4d5b-a56e-da4a7b6c6f08,,,
3579,2025-12-28 04:58:39.840525+00,01/12/2025,PIX QRS MERCADO PAG29/11,-78.03,,despesa,ab8d364a-e1be-4759-8dd8-0f7301afc405,e47eb18a-a8ba-48c0-a91b-a8a69607b6f5,1dd3e6b0-9ae3-4d5b-a56e-da4a7b6c6f08,,,
3580,2025-12-28 04:58:39.840525+00,01/12/2025,PIX TRANSF ANDRE M01/12,-200,,despesa,ab8d364a-e1be-4759-8dd8-0f7301afc405,0b0f2cb1-a809-4789-b700-ad9e616f925e,1dd3e6b0-9ae3-4d5b-a56e-da4a7b6c6f08,,,
3581,2025-12-28 04:58:39.840525+00,01/12/2025,REND PAGO APLIC AUT MAIS,0.01,,receita,ab8d364a-e1be-4759-8dd8-0f7301afc405,97d6c354-a30d-4904-b648-419a8d50459b,1dd3e6b0-9ae3-4d5b-a56e-da4a7b6c6f08,,,
3582,2025-12-28 04:58:39.840525+00,02/12/2025,PIX TRANSF ANDREA 02/12,282.03,,receita,ab8d364a-e1be-4759-8dd8-0f7301afc405,1dc7f06c-288f-4447-8cb6-c1bb991235a6,1dd3e6b0-9ae3-4d5b-a56e-da4a7b6c6f08,,,
3583,2025-12-28 04:58:39.840525+00,03/12/2025,PIX QRS DIRETORIA G03/12,-133.17,,despesa,ab8d364a-e1be-4759-8dd8-0f7301afc405,e47eb18a-a8ba-48c0-a91b-a8a69607b6f5,1dd3e6b0-9ae3-4d5b-a56e-da4a7b6c6f08,,,
3584,2025-12-28 04:58:39.840525+00,03/12/2025,PIX QRS JOSE FERNAN03/12,-122.17,,despesa,ab8d364a-e1be-4759-8dd8-0f7301afc405,e47eb18a-a8ba-48c0-a91b-a8a69607b6f5,1dd3e6b0-9ae3-4d5b-a56e-da4a7b6c6f08,,,
3585,2025-12-28 04:58:39.840525+00,03/12/2025,PIX QRS 63 903 839 03/12,-62.8,,despesa,ab8d364a-e1be-4759-8dd8-0f7301afc405,e47eb18a-a8ba-48c0-a91b-a8a69607b6f5,1dd3e6b0-9ae3-4d5b-a56e-da4a7b6c6f08,,,
3586,2025-12-28 04:58:39.840525+00,03/12/2025,RESGATE CDB Cofrinhos,7900.01,,receita,ab8d364a-e1be-4759-8dd8-0f7301afc405,a6f76f77-dd69-4199-9d99-aa01b2d8b4dd,1dd3e6b0-9ae3-4d5b-a56e-da4a7b6c6f08,,,
3587,2025-12-28 04:58:39.840525+00,03/12/2025,PIX TRANSF ANDREA 03/12,-1500,,despesa,ab8d364a-e1be-4759-8dd8-0f7301afc405,1dc7f06c-288f-4447-8cb6-c1bb991235a6,1dd3e6b0-9ae3-4d5b-a56e-da4a7b6c6f08,,,
3588,2025-12-28 04:58:39.840525+00,03/12/2025,PIX QRS CARREFOUR C03/12,-206.88,,despesa,ab8d364a-e1be-4759-8dd8-0f7301afc405,e47eb18a-a8ba-48c0-a91b-a8a69607b6f5,1dd3e6b0-9ae3-4d5b-a56e-da4a7b6c6f08,,,
3589,2025-12-28 04:58:39.840525+00,03/12/2025,RESGATE CDB Cofrinhos,200.01,,receita,ab8d364a-e1be-4759-8dd8-0f7301afc405,a6f76f77-dd69-4199-9d99-aa01b2d8b4dd,1dd3e6b0-9ae3-4d5b-a56e-da4a7b6c6f08,,,
3590,2025-12-28 04:58:39.840525+00,03/12/2025,PIX TRANSF LUCAS G03/12,-6943,,despesa,ab8d364a-e1be-4759-8dd8-0f7301afc405,1dc7f06c-288f-4447-8cb6-c1bb991235a6,1dd3e6b0-9ae3-4d5b-a56e-da4a7b6c6f08,,,
3591,2025-12-28 04:58:39.840525+00,03/12/2025,REND PAGO APLIC AUT MAIS,0.01,,receita,ab8d364a-e1be-4759-8dd8-0f7301afc405,97d6c354-a30d-4904-b648-419a8d50459b,1dd3e6b0-9ae3-4d5b-a56e-da4a7b6c6f08,,,
3592,2025-12-28 04:58:39.840525+00,05/12/2025,PIX QRS ZONA AZUL05/12,-10,,despesa,ab8d364a-e1be-4759-8dd8-0f7301afc405,e47eb18a-a8ba-48c0-a91b-a8a69607b6f5,1dd3e6b0-9ae3-4d5b-a56e-da4a7b6c6f08,,,
3593,2025-12-28 04:58:39.840525+00,08/12/2025,PIX TRANSF Savio U08/12,-87,,despesa,ab8d364a-e1be-4759-8dd8-0f7301afc405,1dc7f06c-288f-4447-8cb6-c1bb991235a6,1dd3e6b0-9ae3-4d5b-a56e-da4a7b6c6f08,,,
3594,2025-12-28 04:58:39.840525+00,08/12/2025,RESGATE CDB DI,5.55,,receita,ab8d364a-e1be-4759-8dd8-0f7301afc405,a6f76f77-dd69-4199-9d99-aa01b2d8b4dd,1dd3e6b0-9ae3-4d5b-a56e-da4a7b6c6f08,,,
3595,2025-12-28 04:58:39.840525+00,09/12/2025,PIX QRS PONTAL09/12,-299.99,,despesa,ab8d364a-e1be-4759-8dd8-0f7301afc405,e47eb18a-a8ba-48c0-a91b-a8a69607b6f5,1dd3e6b0-9ae3-4d5b-a56e-da4a7b6c6f08,,,
3596,2025-12-28 04:58:39.840525+00,09/12/2025,RESGATE CDB Cofrinhos,300,,receita,ab8d364a-e1be-4759-8dd8-0f7301afc405,a6f76f77-dd69-4199-9d99-aa01b2d8b4dd,1dd3e6b0-9ae3-4d5b-a56e-da4a7b6c6f08,,,
3597,2025-12-28 04:58:39.840525+00,10/12/2025,RESGATE CDB Cofrinhos,300.01,,receita,ab8d364a-e1be-4759-8dd8-0f7301afc405,a6f76f77-dd69-4199-9d99-aa01b2d8b4dd,1dd3e6b0-9ae3-4d5b-a56e-da4a7b6c6f08,,,
3598,2025-12-28 04:58:39.840525+00,10/12/2025,RESGATE CDB Cofrinhos,100.01,,receita,ab8d364a-e1be-4759-8dd8-0f7301afc405,a6f76f77-dd69-4199-9d99-aa01b2d8b4dd,1dd3e6b0-9ae3-4d5b-a56e-da4a7b6c6f08,,,
3599,2025-12-28 04:58:39.840525+00,10/12/2025,PIX TRANSF TANIA Y10/12,-300,,despesa,ab8d364a-e1be-4759-8dd8-0f7301afc405,18cbbf25-6142-4bcf-937d-5927c853ac9a,1dd3e6b0-9ae3-4d5b-a56e-da4a7b6c6f08,,,
3600,2025-12-28 04:58:39.840525+00,10/12/2025,SEGURO CARTAO,-26.26,,despesa,ab8d364a-e1be-4759-8dd8-0f7301afc405,591cce5b-dd4d-4124-934e-4dcadd17e66d,1dd3e6b0-9ae3-4d5b-a56e-da4a7b6c6f08,,,
3601,2025-12-28 04:58:39.840525+00,15/12/2025,PIX TRANSF ANDRE M14/12,-5.5,,despesa,ab8d364a-e1be-4759-8dd8-0f7301afc405,0b0f2cb1-a809-4789-b700-ad9e616f925e,1dd3e6b0-9ae3-4d5b-a56e-da4a7b6c6f08,,,
3602,2025-12-28 04:58:39.840525+00,15/12/2025,COR JUROS RF,105.99,,receita,ab8d364a-e1be-4759-8dd8-0f7301afc405,97d6c354-a30d-4904-b648-419a8d50459b,1dd3e6b0-9ae3-4d5b-a56e-da4a7b6c6f08,,,
3603,2025-12-28 04:58:39.840525+00,15/12/2025,COR AMORTIZACÃO RF,200.86,,receita,ab8d364a-e1be-4759-8dd8-0f7301afc405,1dc7f06c-288f-4447-8cb6-c1bb991235a6,1dd3e6b0-9ae3-4d5b-a56e-da4a7b6c6f08,,,
3604,2025-12-28 04:58:39.840525+00,15/12/2025,COR AMORTIZACAO RF,151.89,,receita,ab8d364a-e1be-4759-8dd8-0f7301afc405,1dc7f06c-288f-4447-8cb6-c1bb991235a6,1dd3e6b0-9ae3-4d5b-a56e-da4a7b6c6f08,,,
3605,2025-12-28 04:58:39.840525+00,15/12/2025,PGTO ITAU ITAU-K12243681,100.56,,receita,ab8d364a-e1be-4759-8dd8-0f7301afc405,5d2b220a-c76c-4a40-b27c-8603b0ef20dc,1dd3e6b0-9ae3-4d5b-a56e-da4a7b6c6f08,,,
3606,2025-12-28 04:58:39.840525+00,16/12/2025,PIX TRANSF DAVI SI16/12,-35,,despesa,ab8d364a-e1be-4759-8dd8-0f7301afc405,0b0f2cb1-a809-4789-b700-ad9e616f925e,1dd3e6b0-9ae3-4d5b-a56e-da4a7b6c6f08,,,
3607,2025-12-28 04:58:39.840525+00,16/12/2025,PIX TRANSF MARIANA16/12,-19.98,,despesa,ab8d364a-e1be-4759-8dd8-0f7301afc405,b2432a60-172c-441c-a73c-c62d40f1028e,1dd3e6b0-9ae3-4d5b-a56e-da4a7b6c6f08,,,
3608,2025-12-28 04:58:39.840525+00,16/12/2025,PIX WHATS DIEGO A16/12,-5.5,,despesa,ab8d364a-e1be-4759-8dd8-0f7301afc405,e47eb18a-a8ba-48c0-a91b-a8a69607b6f5,1dd3e6b0-9ae3-4d5b-a56e-da4a7b6c6f08,,,
3609,2025-12-28 04:58:39.840525+00,16/12/2025,PIX QRS MERCADO PAG16/12,-495.8,,despesa,ab8d364a-e1be-4759-8dd8-0f7301afc405,e47eb18a-a8ba-48c0-a91b-a8a69607b6f5,1dd3e6b0-9ae3-4d5b-a56e-da4a7b6c6f08,,,
3610,2025-12-28 04:58:39.840525+00,17/12/2025,PIX TRANSF EDUARDO17/12,143,,receita,ab8d364a-e1be-4759-8dd8-0f7301afc405,1dc7f06c-288f-4447-8cb6-c1bb991235a6,1dd3e6b0-9ae3-4d5b-a56e-da4a7b6c6f08,,,
3611,2025-12-28 04:58:39.840525+00,18/12/2025,PIX QRS SARA MODA F18/12,-139.93,,despesa,ab8d364a-e1be-4759-8dd8-0f7301afc405,e47eb18a-a8ba-48c0-a91b-a8a69607b6f5,1dd3e6b0-9ae3-4d5b-a56e-da4a7b6c6f08,,,
3612,2025-12-28 04:58:39.840525+00,19/12/2025,PIX TRANSF ANDRE M19/12,-235,,despesa,ab8d364a-e1be-4759-8dd8-0f7301afc405,0b0f2cb1-a809-4789-b700-ad9e616f925e,1dd3e6b0-9ae3-4d5b-a56e-da4a7b6c6f08,,,
3613,2025-12-28 04:58:39.840525+00,19/12/2025,PIX QRS PORTOSEG S/19/12,-181.61,,despesa,ab8d364a-e1be-4759-8dd8-0f7301afc405,e47eb18a-a8ba-48c0-a91b-a8a69607b6f5,1dd3e6b0-9ae3-4d5b-a56e-da4a7b6c6f08,,,
3614,2025-12-28 04:58:39.840525+00,19/12/2025,PIX QRS MERCADO PAG19/12,-486.52,,despesa,ab8d364a-e1be-4759-8dd8-0f7301afc405,e47eb18a-a8ba-48c0-a91b-a8a69607b6f5,1dd3e6b0-9ae3-4d5b-a56e-da4a7b6c6f08,,,
3615,2025-12-28 04:58:39.840525+00,19/12/2025,FATURA PAGA PERSON MULTI,-8100,,despesa,ab8d364a-e1be-4759-8dd8-0f7301afc405,1dc7f06c-288f-4447-8cb6-c1bb991235a6,1dd3e6b0-9ae3-4d5b-a56e-da4a7b6c6f08,,,
3616,2025-12-28 04:58:39.840525+00,19/12/2025,PIX QRS REDE INTEGR19/12,-20.97,,despesa,ab8d364a-e1be-4759-8dd8-0f7301afc405,e47eb18a-a8ba-48c0-a91b-a8a69607b6f5,1dd3e6b0-9ae3-4d5b-a56e-da4a7b6c6f08,,,
3617,2025-12-28 04:58:39.840525+00,19/12/2025,PIX TRANSF LIDIA M19/12,-20,,despesa,ab8d364a-e1be-4759-8dd8-0f7301afc405,4e362739-e52c-4861-af97-c8ab908b3871,1dd3e6b0-9ae3-4d5b-a56e-da4a7b6c6f08,,,
3618,2025-12-28 04:58:39.840525+00,19/12/2025,PIX QRS CARREFOUR C19/12,-201.64,,despesa,ab8d364a-e1be-4759-8dd8-0f7301afc405,e47eb18a-a8ba-48c0-a91b-a8a69607b6f5,1dd3e6b0-9ae3-4d5b-a56e-da4a7b6c6f08,,,
3619,2025-12-28 04:58:39.840525+00,19/12/2025,PIX QRS ADRIANO LUC19/12,-9.95,,despesa,ab8d364a-e1be-4759-8dd8-0f7301afc405,e47eb18a-a8ba-48c0-a91b-a8a69607b6f5,1dd3e6b0-9ae3-4d5b-a56e-da4a7b6c6f08,,,
3620,2025-12-28 04:58:39.840525+00,19/12/2025,APLICACAO COFRINHOS,-900,,despesa,ab8d364a-e1be-4759-8dd8-0f7301afc405,1dc7f06c-288f-4447-8cb6-c1bb991235a6,1dd3e6b0-9ae3-4d5b-a56e-da4a7b6c6f08,,,
3621,2025-12-28 04:58:39.840525+00,19/12/2025,FOLHA PAGAMENTO MENSAL,7429.54,,receita,ab8d364a-e1be-4759-8dd8-0f7301afc405,8d498f29-a477-46b9-9f33-b11ebf640b0a,1dd3e6b0-9ae3-4d5b-a56e-da4a7b6c6f08,,,
3622,2025-12-28 04:58:39.840525+00,19/12/2025,FOLHA PAGTO 13. SALARIO,2722.03,,receita,ab8d364a-e1be-4759-8dd8-0f7301afc405,8d498f29-a477-46b9-9f33-b11ebf640b0a,1dd3e6b0-9ae3-4d5b-a56e-da4a7b6c6f08,,,
3623,2025-12-28 04:58:39.840525+00,22/12/2025,PIX QRS HOSPITAL VE20/12,-715,,despesa,ab8d364a-e1be-4759-8dd8-0f7301afc405,e47eb18a-a8ba-48c0-a91b-a8a69607b6f5,1dd3e6b0-9ae3-4d5b-a56e-da4a7b6c6f08,,,
3624,2025-12-28 04:58:39.840525+00,22/12/2025,PIX QRS REDE INTEGR20/12,-23.77,,despesa,ab8d364a-e1be-4759-8dd8-0f7301afc405,e47eb18a-a8ba-48c0-a91b-a8a69607b6f5,1dd3e6b0-9ae3-4d5b-a56e-da4a7b6c6f08,,,
3625,2025-12-28 04:58:39.840525+00,22/12/2025,RESGATE CDB Cofrinhos,700.01,,receita,ab8d364a-e1be-4759-8dd8-0f7301afc405,a6f76f77-dd69-4199-9d99-aa01b2d8b4dd,1dd3e6b0-9ae3-4d5b-a56e-da4a7b6c6f08,,,
3626,2025-12-28 04:58:39.840525+00,22/12/2025,PIX QRS KASCAO EXPR20/12,-28,,despesa,ab8d364a-e1be-4759-8dd8-0f7301afc405,e47eb18a-a8ba-48c0-a91b-a8a69607b6f5,1dd3e6b0-9ae3-4d5b-a56e-da4a7b6c6f08,,,
3627,2025-12-28 04:58:39.840525+00,22/12/2025,PIX QRS COBASI COME21/12,-395.49,,despesa,ab8d364a-e1be-4759-8dd8-0f7301afc405,e47eb18a-a8ba-48c0-a91b-a8a69607b6f5,1dd3e6b0-9ae3-4d5b-a56e-da4a7b6c6f08,,,
3628,2025-12-28 04:58:39.840525+00,22/12/2025,RESGATE CDB Cofrinhos,400,,receita,ab8d364a-e1be-4759-8dd8-0f7301afc405,a6f76f77-dd69-4199-9d99-aa01b2d8b4dd,1dd3e6b0-9ae3-4d5b-a56e-da4a7b6c6f08,,,
3629,2025-12-28 04:58:39.840525+00,22/12/2025,PIX QRS ROMERO COME22/12,-43.98,,despesa,ab8d364a-e1be-4759-8dd8-0f7301afc405,e47eb18a-a8ba-48c0-a91b-a8a69607b6f5,1dd3e6b0-9ae3-4d5b-a56e-da4a7b6c6f08,,,
3630,2025-12-28 04:58:39.840525+00,22/12/2025,RESGATE CDB Cofrinhos,100.01,,receita,ab8d364a-e1be-4759-8dd8-0f7301afc405,a6f76f77-dd69-4199-9d99-aa01b2d8b4dd,1dd3e6b0-9ae3-4d5b-a56e-da4a7b6c6f08,,,
3631,2025-12-28 04:58:39.840525+00,22/12/2025,PIX TRANSF SUELLEN22/12,22,,receita,ab8d364a-e1be-4759-8dd8-0f7301afc405,1dc7f06c-288f-4447-8cb6-c1bb991235a6,1dd3e6b0-9ae3-4d5b-a56e-da4a7b6c6f08,,,
3632,2025-12-28 04:58:39.840525+00,23/12/2025,COR IRRF TD.,-558.97,,despesa,ab8d364a-e1be-4759-8dd8-0f7301afc405,a6f76f77-dd69-4199-9d99-aa01b2d8b4dd,1dd3e6b0-9ae3-4d5b-a56e-da4a7b6c6f08,,,
3633,2025-12-28 04:58:39.840525+00,23/12/2025,COR TES DIRETO - VENDA,12934.62,,receita,ab8d364a-e1be-4759-8dd8-0f7301afc405,a6f76f77-dd69-4199-9d99-aa01b2d8b4dd,1dd3e6b0-9ae3-4d5b-a56e-da4a7b6c6f08,,,
3634,2025-12-28 04:58:39.840525+00,23/12/2025,PIX QRS HOSPITAL VE23/12,-235,,despesa,ab8d364a-e1be-4759-8dd8-0f7301afc405,e47eb18a-a8ba-48c0-a91b-a8a69607b6f5,1dd3e6b0-9ae3-4d5b-a56e-da4a7b6c6f08,,,
3635,2025-12-28 04:58:39.840525+00,23/12/2025,FLEXPREV 043970004434,-12000,,despesa,ab8d364a-e1be-4759-8dd8-0f7301afc405,a960566a-1436-42aa-8932-6ca576710bb5,1dd3e6b0-9ae3-4d5b-a56e-da4a7b6c6f08,,,
3636,2025-12-28 04:58:39.840525+00,23/12/2025,PIX QRS F N V M P C23/12,-356.24,,despesa,ab8d364a-e1be-4759-8dd8-0f7301afc405,e47eb18a-a8ba-48c0-a91b-a8a69607b6f5,1dd3e6b0-9ae3-4d5b-a56e-da4a7b6c6f08,,,
3637,2025-12-28 04:58:39.840525+00,23/12/2025,RESGATE CDB DI,150.93,,receita,ab8d364a-e1be-4759-8dd8-0f7301afc405,a6f76f77-dd69-4199-9d99-aa01b2d8b4dd,1dd3e6b0-9ae3-4d5b-a56e-da4a7b6c6f08,,,
3638,2025-12-28 04:58:39.840525+00,23/12/2025,PIX QRS CASA GOUVEI23/12,-12.67,,despesa,ab8d364a-e1be-4759-8dd8-0f7301afc405,e47eb18a-a8ba-48c0-a91b-a8a69607b6f5,1dd3e6b0-9ae3-4d5b-a56e-da4a7b6c6f08,,,
3639,2025-12-28 04:58:39.840525+00,23/12/2025,PIX QRS CASA DE FER23/12,-14.2,,despesa,ab8d364a-e1be-4759-8dd8-0f7301afc405,e47eb18a-a8ba-48c0-a91b-a8a69607b6f5,1dd3e6b0-9ae3-4d5b-a56e-da4a7b6c6f08,,,
3640,2025-12-28 04:58:39.840525+00,23/12/2025,RESGATE CDB DI,100.62,,receita,ab8d364a-e1be-4759-8dd8-0f7301afc405,a6f76f77-dd69-4199-9d99-aa01b2d8b4dd,1dd3e6b0-9ae3-4d5b-a56e-da4a7b6c6f08,,,
3641,2025-12-28 04:58:39.840525+00,24/12/2025,PIX QRS ADRIANO LUC24/12,-67.3,,despesa,ab8d364a-e1be-4759-8dd8-0f7301afc405,e47eb18a-a8ba-48c0-a91b-a8a69607b6f5,1dd3e6b0-9ae3-4d5b-a56e-da4a7b6c6f08,,,
3642,2025-12-28 04:58:39.840525+00,24/12/2025,PIX QRS CASA DE MAS24/12,-23,,despesa,ab8d364a-e1be-4759-8dd8-0f7301afc405,e47eb18a-a8ba-48c0-a91b-a8a69607b6f5,1dd3e6b0-9ae3-4d5b-a56e-da4a7b6c6f08,,,
3643,2025-12-28 04:58:39.840525+00,24/12/2025,RESGATE CDB DI,400.45,,receita,ab8d364a-e1be-4759-8dd8-0f7301afc405,a6f76f77-dd69-4199-9d99-aa01b2d8b4dd,1dd3e6b0-9ae3-4d5b-a56e-da4a7b6c6f08,,,
3644,2025-12-28 04:58:39.840525+00,24/12/2025,PIX QRS F N V M P C24/12,-398.35,,despesa,ab8d364a-e1be-4759-8dd8-0f7301afc405,e47eb18a-a8ba-48c0-a91b-a8a69607b6f5,1dd3e6b0-9ae3-4d5b-a56e-da4a7b6c6f08,,,
3645,2025-12-28 04:58:39.840525+00,24/12/2025,RESGATE CDB DI,50.33,,receita,ab8d364a-e1be-4759-8dd8-0f7301afc405,a6f76f77-dd69-4199-9d99-aa01b2d8b4dd,1dd3e6b0-9ae3-4d5b-a56e-da4a7b6c6f08,,,
3646,2025-12-28 04:58:39.840525+00,24/12/2025,PIX TRANSF MARIANA24/12,-51.06,,despesa,ab8d364a-e1be-4759-8dd8-0f7301afc405,b2432a60-172c-441c-a73c-c62d40f1028e,1dd3e6b0-9ae3-4d5b-a56e-da4a7b6c6f08,,,
3647,2025-12-28 04:58:39.840525+00,26/12/2025,PGTO ITAU ITAU-K12260063,97.41,,receita,ab8d364a-e1be-4759-8dd8-0f7301afc405,5d2b220a-c76c-4a40-b27c-8603b0ef20dc,1dd3e6b0-9ae3-4d5b-a56e-da4a7b6c6f08,,,